Area,latitude,longitude
A'Ali,26.1590446,50.5183259
"Abraj Al Lulu, Manama",26.2299601,50.5591794
"Address Marassi Vista, Diyar Al Muharraq",26.3063612,50.6469291
"Adhari, Manama",26.1982585,50.5458855
"Adliya, Manama",26.2144884,50.58475439999999
"Al Areen Development, Zallaq",26.0152969,50.494425
"Al Bahair, Riffa",26.1427398,50.5675161
"Al Burhama, Manama",26.2167278,50.5536773
Al Dair,26.286528,50.6236227
Al Hajar,26.2155773,50.51226519999999
Al Jasra,26.1648431,50.4514846
Al Juffair,26.212971,50.6028899
Al Maqsha,26.2213664,50.5148527
Al Markh,26.2013069,50.4799312
"Al Marsa Floating City, Amwaj Islands",26.2848091,50.6696479
"Al Naseem, Diyar Al Muharraq",26.3083204,50.6320756
"Al Noor, Diyar Al Muharraq",26.2993698,50.6359405
Al Qadam,26.2141825,50.52036630000001
Al Qurayyah,26.2011779,50.4644169
"Al Sherooq, Diyar Al Muharraq",26.3083204,50.6320756
"Al Sidra, Diyar Al Muharraq",26.3112735,50.6388816
"Al Thurya villa Diyar Al Muharraq, Diyar Al Muharraq",26.3083204,50.6320756
"Alhajiyat, Riffa",26.1262367,50.5834593
"Amwaj Avenue, Amwaj Islands",26.291111,50.665278
"Amwaj Beachfront, Amwaj Islands",26.2935106,50.6587049
"Amwaj Homes, Amwaj Islands",26.2935106,50.6587049
Amwaj Islands,26.291111,50.665278
"Amwaj Marina, Amwaj Islands",26.2935106,50.6587049
Arad,26.2533564,50.6395217
Askar,26.0563079,50.6158471
Bahrain Bay,26.247802,50.5787523
"Bahrain Financial Harbour, Manama",26.2380909,50.5709105
Bani Jamra,26.2110619,50.4644169
Barbar,26.2292963,50.4805913
"Bilad Al Qadeem, Manama",26.2073004,50.55569879999999
"Breeze of Dilmunia, Dilmunia Island",26.2696746,50.6783327
Bu Ashira,26.2103272,50.5795738
"Bu Ghazal, Manama",26.2077961,50.5718038
"Bu Kowarah, Riffa",26.131082,50.5679191
Bu Quwah,26.1955056,50.5140649
Budaiya,26.2109291,50.4489065
Buri,26.1523545,50.4973652
Busaiteen,26.2721664,50.6091325
"Canal View, Dilmunia Island",26.2701704,50.6689113
"Dareena, Dilmunia Island",26.2728678,50.67289040000001
"Deerat Al Oyoun, Diyar Al Muharraq",26.3132315,50.62652139999999
Dilmunia Island,26.2728678,50.67289040000001
"Diplomatic Area, Manama",26.2400699,50.5873449
Diraz,26.2209456,50.4644169
Diyar Al Muharraq,26.3083204,50.6320756
Durrat Al Bahrain,25.8334352,50.6139033
"Durrat Marina, Durrat Al Bahrain",25.8334352,50.6139033
Eker,26.1436853,50.6028899
"Essence of Dilmunia, Dilmunia Island",26.2751875,50.6722344
"Exhibition Road, Hoora",26.2275361,50.5371351
Galali,26.2728212,50.6569879
"Ghuraifah (Old Juffair), Manama",26.2059628,50.6032138
"Gudaibiya, Manama",26.2186782,50.5938215
"Gufool, Manama",26.2234222,50.5666242
Hamad Town,26.1163407,50.5027214
Hamala,26.1439621,50.483145
"Hanging Garden, Dilmunia Island",26.2690137,50.6743687
Hidd,26.2340617,50.652032
Hoora,26.2335219,50.5938215
Isa Town,26.1679752,50.5564742
Janabiya,26.182208,50.4657913
Jannusan,26.2261506,50.4954495
Jeblat Hebshi,26.213229,50.5277915
Jid Ali,26.1788716,50.5627399
Jidhafs,26.2172955,50.5369636
Jurdab,26.1682171,50.5718038
"Karbabad, Manama",26.2305359,50.5277915
Karzakkan,26.1106396,50.4747594
Maameer,26.1346774,50.6132554
"Mahooz, Manama",26.2079104,50.5873449
Malkiyah,26.0996229,50.4851777
Manama,26.2235305,50.5875935
"Manama Downtown, Manama",26.2221879,50.6127638
"Manama Sea Front, Manama",26.248185,50.5705088
"Manama Souq, Manama",26.2303423,50.5766545
Maqabah,26.2113207,50.4954495
"Marassi Al Bahrain, Diyar Al Muharraq",26.303574,50.6452211
"Marassi Boulevard, Diyar Al Muharraq",26.3066849,50.6421195
"Marassi Park Residences, Diyar Al Muharraq",26.3073716,50.6459343
"Marassi Residences, Diyar Al Muharraq",26.3054646,50.6427643
"Marassi Shores Residences, Diyar Al Muharraq",26.3052603,50.6461086
"Mozoon, Diyar Al Muharraq",26.3083204,50.6320756
Muharraq,26.2534919,50.60825579999999
"Murjan 1 (Phase 1 and 2), Durrat Al Bahrain",25.8334352,50.6139033
"Murjan, Amwaj Islands",26.291111,50.665278
Nabih Saleh,26.1823274,50.58475439999999
"Najma, Amwaj Islands",26.291111,50.665278
"North Riffa, Riffa",26.1412721,50.54316439999999
Northern City (Madinat Salman),26.2323543,50.4547122
Nuwaidrat,26.1345525,50.5938215
"Ras Rumman, Manama",26.2342784,50.58475439999999
Reef Island,26.2413109,50.5620954
Riffa,26.1333035,50.5379493
"Riffa Al Sharqi, Riffa",26.1220143,50.5719907
"Riffa Views, Riffa",26.1013665,50.5645531
Saar,26.1978657,50.4946846
Sadad,26.0841581,50.4922878
Salmabad,26.1855805,50.5270743
"Salmaniya, Manama",26.2210076,50.5743937
Samaheej,26.281668,50.6352878
"Sanabis, Manama",26.2261928,50.5452457
Sanad,26.1502768,50.58312369999999
"Saraya 2, Bu Quwah",26.1934695,50.513868
"Saraya al Bahar, Amwaj Islands",26.291111,50.665278
Seef,26.2419202,50.5382302
"Segaya, Manama",26.2169045,50.5769837
Sehla,26.2017108,50.5303796
Shakhura,26.209757,50.5057971
Sitra,26.1650187,50.614186
"Tala Island, Amwaj Islands",26.3000254,50.6631635
Tashan,26.2100784,50.5465576
"The Address Residences, Diyar Al Muharraq",26.3014767,50.6433514
"The Lagoon, Amwaj Islands",26.2869425,50.6636001
"The Treasure, Dilmunia Island",26.2691863,50.6769011
Tubli,26.1900349,50.55660109999999
"Um Al Hasam, Manama",26.2030185,50.5951169
Wahat Al Muharraq,26.2805586,50.6462144
"Water Garden City, Manama",26.2425471,50.5538191
"West Riffa, Riffa",26.1227284,50.5413632
Zallaq,26.0490701,50.4884244
"Zinj, Manama",26.210984,50.56335439999999
"alnaim, Manama",26.2283688,50.5666242
Dumistan,26.125576,50.4774483
