name,category,major,latitude,longitude,address,rating,user_ratings_total,verified,verification_note,place_id
Bahrain International Airport,airport,,26.2671847,50.6302827,"Rd 2404, Muharraq",4.6,16651,True,reverse geocode country=BH | 0.52 km from reference (Bahrain International Airport) OK,ChIJk3ndPzSmST4Rlhp6z7trwvQ
Manama CBD,cbd,,26.2339813,50.5756748,"ROAD 475, 304 Bab Al Bahrain Ave, المنامة",4.4,20902,True,reverse geocode country=BH | 0.27 km from reference (Manama CBD) OK,ChIJm9s4CWCvST4RBKXkMkq9pGY
King Fahd Causeway,causeway,,26.1749453,50.3888334,King Fahd Cswy,,,True,on King Fahd Causeway corridor (Bahrain->Saudi span),ChIJ_zNw49W5ST4R9ZxzJmJDi1k
Al Aali Mall,mall,True,26.2329642,50.5404736,"Rd No 2819, Seef",4.2,7154,True,reverse geocode country=BH,ChIJEboi92WlST4RuccwR9eDu-o
Al Enma Mall,mall,True,26.1295765,50.5751421,"Building 493 16 Um Al Nassan، Avenue, Block 925، Riffa 925",4.2,5828,True,reverse geocode country=BH,ChIJ10vja0KsST4RXPTGIURJRq4
Bahrain Mall,mall,True,26.2294977,50.537537,"Avenue 28 Building 184 ,Block 410 Sanabis , Manama , Bahrain, السنابس",4.1,9005,True,reverse geocode country=BH,ChIJy6kK7GalST4RmABK1QdH9jw
City Centre Bahrain,mall,True,26.2333324,50.5532777,"Building 2758, Road، 4650، Shaikh Khalifa Bin Salman Hwy, Sanabis",4.6,43612,True,reverse geocode country=BH,ChIJ06ZPjnilST4RjLa3InsuoVk
Dana Mall,mall,True,26.2303218,50.5527064,Sanabis,4,8178,True,reverse geocode country=BH,ChIJF-oYAX-lST4REdtUt7epkBg
Dragon City Bahrain,mall,True,26.3057556,50.6251184,"263، Dragon City, 4441 Road 6347، Muharraq 317",4,33308,True,reverse geocode country=BH,ChIJnar71uimST4R4Q53769YOus
Galleria Mall,mall,True,26.2042418,50.5745097,"6H3F+MRR, Zinj",4.2,5006,True,reverse geocode country=BH,ChIJySbLAxivST4Rl21Qe6CbmIY
Juffair Mall,mall,True,26.217472,50.6077336,"Awal Ave, Manama",4.1,8162,True,reverse geocode country=BH,ChIJPzrqIcyoST4Rl6_fU-FyCQc
Mall of Dilmunia,mall,True,26.2697507,50.6719033,"Dilmunia Island, Galali",4.2,9648,True,reverse geocode country=BH,ChIJxSIYxICnST4R-oLWZi-Dr4A
Marassi Galleria Mall,mall,True,26.301717,50.6428134,Marassi Al Bahrain,4.7,5244,True,reverse geocode country=BH,ChIJmxxLL-emST4R9T3SZXI5ky8
Moda Mall,mall,True,26.2396469,50.5812683,Bahrain World Trade Center Gate 2، Manama,4.4,5709,True,reverse geocode country=BH,ChIJvQkfhvalST4R40dNKXj31oc
Seef Mall,mall,True,26.2325003,50.5364399,Seef District، Manama,4.3,23719,True,reverse geocode country=BH,ChIJ1x3xgGilST4RTBEG6lWmUkw
Seef Mall (Muharraq),mall,True,26.2547237,50.6263849,"Avenue 29, Arad",4.2,8064,True,reverse geocode country=BH,ChIJkb-DLSamST4RK5jZGhvFWyE
Souq Al Baraha,mall,True,26.3052119,50.637135,سوق البراحة، Muharraq,4.5,5437,True,reverse geocode country=BH,ChIJ30qg8yCnST4R6ShCTSmpGJY
The Avenues,mall,True,26.2457242,50.5854022,"Central Market 3977, 346 Road 4660, Manama",4.5,34404,True,reverse geocode country=BH,ChIJE6DwZPClST4RWJrsquvpquA
The Lagoon Park,mall,True,26.2869425,50.6636001,"Rd No 5717, Amwaj",4.2,14335,True,reverse geocode country=BH,ChIJaS92AZSnST4RV2ObL5HsUfQ
Al Gharbi Centre,mall,False,26.1306532,50.5470219,"Building 2612 Road 1277 AlGharbi 912, Riffa",4.5,51,True,reverse geocode country=BH,ChIJ4ZYmUEStST4RTtFXVisnbi4
Al Hayat Shopping Centre,mall,False,26.2133134,50.5777857,"28 Saqiyah Ave, Manama",4,2059,True,reverse geocode country=BH,ChIJbXbNVj6vST4R3O8xEmGH0cI
Al Raya Mall Riffa,mall,False,26.1342412,50.5485697,"Building 261, Road 1405, Block 914, 4GMX+M87, Mashtan Rd, Riffa 947",4.4,229,True,reverse geocode country=BH,ChIJ_YIKjrCtST4RKFJce0Hwv7g
"Al Wadi Square, Riffa",mall,False,26.1556998,50.563125,"Blk 934 Shop, 11 Rd 3444, Riffa",4.5,32,True,reverse geocode country=BH,ChIJq4BJoICvST4RxKq7doGm8e0
Alreem Centre,mall,False,26.1376711,50.5664409,"Building No 756 Road 2319, Riffa 923",4.1,562,True,reverse geocode country=BH,ChIJk5Eu9DmsST4R3LLdVtt-Fbo
BELOW 2 SHOPPING W.L.L,mall,False,26.1139725,50.5762123,"4H9M+P26, 917, Riffa",4.5,38,True,reverse geocode country=BH,ChIJ23F1HQCtST4RbnLN5P0V8P8
Country Mall,mall,False,26.2192922,50.5099259,"6G95+PX7, Budaiya Hwy, Abu Saiba",3.9,3538,True,reverse geocode country=BH,ChIJGY3kbKy6ST4RSegp_KoQlqs
District 1 Mall,mall,False,26.1713852,50.4835585,"Janabiyah, Bahrain Bldg No: 3, Blk No: 579, Rd No: 7901, Janabiyah",4.5,1672,True,reverse geocode country=BH,ChIJ3ZuzwMOxST4RAaCJs4kRP3A
El Mercado Mall,mall,False,26.1785737,50.480461,"108 Avenue 79, Janabiyah 575",4.2,2108,True,reverse geocode country=BH,ChIJMXyHb1uwST4RBsb2rFx_yjc
Gold City Mall,mall,False,26.2325625,50.5729375,"6HMF+25F, Government Ave, Manama 323",4.1,5386,True,reverse geocode country=BH,ChIJHcREsmGvST4RUxhB9HPldaQ
GOSI Shopping Complex,mall,False,26.2357119,50.5931139,"Hoora Ave, Manama",4,5050,True,reverse geocode country=BH,ChIJZUoRiFOvST4RmX2FpZ8DiXI
Juffair Centre,mall,False,26.2114703,50.6071925,"6J64+HVP, Manama",4.4,55,True,reverse geocode country=BH,ChIJYyzmDtqoST4Ro6JtnG5vsAo
Juffair Square,mall,False,26.2157658,50.6074868,"Building No. 1582, 345 Road No. 4541, المنامة 345",4.5,2081,True,reverse geocode country=BH,ChIJ63zqhPCpST4R7QPi4dhpI9U
Manama Market,mall,False,26.2330106,50.5755025,"6HMG+662, Rd No 475, Manama",4.2,141,True,reverse geocode country=BH,ChIJ1SFMeGCvST4RKiZKxzAmPIc
My Little World,mall,False,26.1300763,50.5743074,"16 Shop 260, Building 493, Block 925, Riffa/ Bukowarah, Enma Mall, Second Floor BH، Riffa 973",3.9,16,True,reverse geocode country=BH,ChIJFdB7I0KsST4RSaYuPj23iUk
Oasis Mall - Juffair,mall,False,26.2159999,50.5994838,"Juffair, المنامة",4.3,5999,True,reverse geocode country=BH,ChIJd6a97syoST4Rc7UC4_aigNg
Oasis Mall - Riffa,mall,False,26.1367352,50.5701032,Road No. 3307، East Riffa,4.1,3875,True,reverse geocode country=BH,ChIJpQVAJjmsST4R4S1wghKNogY
Riffa market,mall,False,26.1220076,50.5665282,"Sh Ali Bin Khalifa Ave Bldg 125, Block 905, Riffa Al Shargi, الرفاع،",4.8,10,True,reverse geocode country=BH,ChIJ9w9nsMGtST4RpBO8PokwqLM
Riffa Palms,mall,False,26.1028227,50.5650586,Building 773 Road 4307 Block 943 المزروعية، Al Mazrowiah 943,4.4,51,True,reverse geocode country=BH,ChIJn7PHVeWsST4RFGz1zLWtdAs
Riffa Souq Center,mall,False,26.1224748,50.5662216,"4HG7+FPR, Sh Ali Bin Khalifa Ave, Riffa",4.3,10,True,reverse geocode country=BH,ChIJQRVSuH2tST4Rn4ue_bVKcvM
Riffa Square,mall,False,26.1312772,50.5435792,"432 Rd No 1211, Riffa",4.4,71,True,reverse geocode country=BH,ChIJu8AE3vGtST4RXIYsq_URFVE
RIFFA VILLAGE,mall,False,26.1133704,50.576228,"Rd No 977, Riffa",4.2,360,True,reverse geocode country=BH,ChIJr_VELousST4RNJrZR6vf-sc
Saar Mall,mall,False,26.200426,50.498048,"MAFIA AFC Building, 133 Road 25, سار",4.2,4704,True,reverse geocode country=BH,ChIJB8_qBw6wST4RtCZyudn8q3E
Sitra Mall,mall,False,26.1694515,50.6011508,"5J92+QFJ, Sitra",3.6,3246,True,reverse geocode country=BH,ChIJSfhQ-lOpST4RBlTWIFIvHrw
The Atrium Mall Bahrain,mall,False,26.1764197,50.4839057,Janabiyah,4.2,3790,True,reverse geocode country=BH,ChIJt8M7Q0WwST4RzWnYpsPu3t8
The View,mall,False,26.1463401,50.5664977,4HW8+JR3، 1227 Road 3721، Riffa,4.2,73,True,reverse geocode country=BH,ChIJ0ZwkHxGtST4RwFle4j_RIOU
The Walk,mall,False,26.1369781,50.558445,"Mashtan Road, الرفاع 915",3.9,1097,True,reverse geocode country=BH,ChIJs805wDOsST4Rl4m0hQQBgkc
Wadi Al Sail Mall,mall,False,26.1373907,50.5194423,"Wali Al Ahd Hwy, Riffa",4,3422,True,reverse geocode country=BH,ChIJGaN09f2tST4RMAUNSmu-w7E
Abdul Rahman Kanoo International School,international_school,,26.1796078,50.5367694,"Abdulrahman kanoo Interaltional School, Building# 192 Rd 408, Salmabad",,,True,reverse geocode country=BH,ChIJq6yJUkquST4RNLeGy6FQ7ks
Al Hekma International School,international_school,,26.151782,50.5757356,"1962 Rd No 4363, Sanad",,,True,reverse geocode country=BH,ChIJP_gB4iGsST4ROGPG62W6Trg
Al Iman School,international_school,,26.161188,50.5520616,"201 Rd No 4112, Isa Town",,,True,reverse geocode country=BH,ChIJqT_rsWOuST4R7pgBoVMLh5M
Al mahd school (saar),international_school,,26.2004611,50.4874533,"6F2P+5XP, Rd No 1727, Saar",,,True,reverse geocode country=BH,ChIJZyLVIHGwST4RgJHvydSSACY
Al Noor International School,international_school,,26.1676025,50.6022422,"5J92+2VX, Sitra",,,True,reverse geocode country=BH,ChIJM5eVj1apST4RpreUjhqW_nI
Al Raja School,international_school,,26.2323125,50.5846001,6HMP+39C، Building 1940 Road 639، Manama 306,,,True,reverse geocode country=BH,ChIJiR89PVqvST4R_0hnMLXNmGA
Al Rawabi Private School,international_school,,26.214052,50.5280141,Block: 435، Road: 3514، Jeblat Hebshi,,,True,reverse geocode country=BH,ChIJaVKjE_GvST4RJFcqVbcXQrQ
Al Wisam School,international_school,,26.2158125,50.4971875,Abu Saiba,,,True,reverse geocode country=BH,ChIJqTPIkqO6ST4Rd-_BB2kFXE4
AlNaseem International School,international_school,,26.1528463,50.5411665,"30, road, 18, 922 Avenue 38, الرفاع",,,True,reverse geocode country=BH,ChIJz8z1u3GuST4RY3TeQItr49s
American Creativity Academy (ACA) Bahrain,international_school,,26.2421373,50.6466223,"Building 101, Avenue 14, Al Hidd 109",,,True,reverse geocode country=BH,ChIJJ70qZGaoST4RjlK61XBAx8c
American School of Bahrain,international_school,,26.1566171,50.5610132,"Building 1528, Road 3429 North Riffa، Riffa 934",,,True,reverse geocode country=BH,ChIJlwmFvTGvST4Rdz6YBAPyAIg
Arabian Pearl Gulf Private School,international_school,,26.2060695,50.5528575,"Rd No 6359, Bilad Al Qadeem",,,True,reverse geocode country=BH,ChIJc6y4UKCvST4RG9eMLlAJDk4
Bahrain Bayan School,international_school,,26.1613836,50.5491434,"4111, Block 841, مدينة عيسى",,,True,reverse geocode country=BH,ChIJaxVvE2SuST4RdCNb9_5MNEA
Bahrain Indian School,international_school,,26.2189452,50.4985106,"6F9X+HCC, Hwy 54, Abu Saiba",,,True,reverse geocode country=BH,ChIJ3RDBpKS6ST4RuINl4BeaKgI
Bahrain School,international_school,,26.2093677,50.6042384,"8J53+9FC, Manama",,,True,reverse geocode country=BH,ChIJ_W-n59aoST4RjSa-L0VaCFo
Britus International School - Bahrain,international_school,,26.1767821,50.5384687,"Building 208 Rd 408, Salmabad",,,True,reverse geocode country=BH,ChIJe9gyOkmuST4RHgRKXaoxx7s
Capital School Bahrain,international_school,,26.1934555,50.5126776,"Rd 5755, Bu Quwah 314",,,True,reverse geocode country=BH,ChIJUQWKARevST4Rvg-znudUR44
Creativity Private School - Manama,international_school,,26.220513,50.582306,"214 Rd No 907, Manama 309",,,True,reverse geocode country=BH,ChIJT7V_6EavST4RlpdfSLQdRb0
Delmon Private School,international_school,,26.2242386,50.4766208,Barbar,,,True,reverse geocode country=BH,ChIJBeU-kUK7ST4RLcLwe5564GM
French International School of Bahrain,international_school,,26.2674142,50.6025754,"Bldg 43 - Av. 8 - Busaiteen 0025, المحرق",,,True,reverse geocode country=BH,ChIJO6FXoVGnST4RordpR0r-10g
Hawar International School,international_school,,26.1184403,50.5514265,Building 22 Avenue 42، Riffa,,,True,reverse geocode country=BH,ChIJSSIx4K2tST4ReCmig2H_s1k
Ibn Khuldoon National School,international_school,,26.1585854,50.5507796,"5H52+C85, 161 Rd No 4111, Isa Town",,,True,reverse geocode country=BH,ChIJ0dyfR2OuST4R4yjuXCc9dMQ
International School of Creative Science - Bahrain,international_school,,26.104888,50.551611,"4H32+XJ, Riffa",,,True,reverse geocode country=BH,ChIJNSxdbgCtST4RiBejH4e6-Oc
Modern Knowledge Schools,international_school,,26.2062648,50.6018442,"Building 515, Block 342, Road 4209, المنامة",,,True,reverse geocode country=BH,ChIJHauNftaoST4REalxARbiiGc
Nadeen International School,international_school,,26.2727769,50.6741143,Building 1574 Road 6915، Dilmunia,,,True,reverse geocode country=BH,ChIJPc4XUSmvST4RA-gjP_8tiLQ
New Generation Private School,international_school,,26.2101672,50.603715,Manama,,,True,reverse geocode country=BH,ChIJn0DNOtGoST4RCkagG4EnNBQ
New Horizon School,international_school,,26.2184142,50.5783033,"Road no 28, Manama",,,True,reverse geocode country=BH,ChIJZ5y_VUCvST4RPzTgtde3FBg
New Millennium School,international_school,,26.2118321,50.5720572,"Building -399 Road 3009, Manama",,,True,reverse geocode country=BH,ChIJHZ049xSvST4RgolytqJu2hg
Noor Al Diyar Private school,international_school,,26.2993698,50.6359405,Bahrain,,,True,reverse geocode country=BH,ChIJaT9q4v2mST4R5a1cgGfDp5Y
Pakistan School,international_school,,26.1594104,50.5439338,Isa Town,,,True,reverse geocode country=BH,ChIJd6w5ZW-uST4RgX9tWnINlwY
Pakistan School Manama,international_school,,26.2273473,50.566753,"6HG8+WPJ, Rd No 1415, Manama",,,True,reverse geocode country=BH,ChIJH663YGOvST4R_1GxZj839FU
Pakistan Urdu School,international_school,,26.1597064,50.5489847,Isa Town,,,True,reverse geocode country=BH,ChIJF8oOZGSuST4RVpDHgLXxEUo
Palms School Bahrain,international_school,,26.1384894,50.5261616,مبنى 605، طريق 2615، Riffa,,,True,reverse geocode country=BH,ChIJS8gj8-KtST4RVjbSOAd4i3Y
Quality Education School Bahrain,international_school,,26.2096119,50.4859674,"Bldg. 6 Road 11, Saar",,,True,reverse geocode country=BH,ChIJTygnm5m6ST4RfRHhfwF1-_8
Quest School (British International Curriculum),international_school,,26.2064229,50.4580732,"Building 165, Avenue 43, بني جمرة",,,True,reverse geocode country=BH,ChIJyf9x0-O7ST4Rm_PAnmxj-Io
Riffa Views International School,international_school,,26.1015317,50.5622984,"Building 407, Road 4303 Block 943, Riffa Views, Al Mazrowiah",,,True,reverse geocode country=BH,ChIJmeGk0OSsST4RmNTHI7DOUZQ
Sacred Heart School,international_school,,26.1580276,50.5388832,"5G5Q+6H6, Rd No 4109, Isa Town 388",,,True,reverse geocode country=BH,ChIJBXRw-GuuST4RG_6oxpC-8mg
"St Christopher's Primary school, Premier British International School in Bahrain - مدرسة سانت كرستوفر الابتدائية",international_school,,26.2056509,50.4994086,شارع سار، Maqabah,4.3,45,True,reverse geocode country=BH,ChIJkRyCLJ26ST4RWdky4Mpt5Vg
"St Christopher's Senior School, Bahrain’s Premier British Style School Since 1961 - سنت كريستوفر المدرسة الاعدادية والثانوية",international_school,,26.1586475,50.5422821,"Building 119, 841 Rd No 4109, مدينة عيسى",,,True,reverse geocode country=BH,ChIJCy-KGG-uST4RnwmMuraLK7U
Talent International & The Infant School,international_school,,26.1303588,50.567247,"4HJ8+4VX, Rd No 2506, Riffa",,,True,reverse geocode country=BH,ChIJj9Z_8EasST4Ra8LYpNWsnfQ
Talent International School / Infant School (Manama Branch),international_school,,26.217562,50.5616879,"6H96+2MG, Rd No 5641, Salihiya",,,True,reverse geocode country=BH,ChIJXTCrFXGvST4RzQLGAj-Iyrk
The Asian School,international_school,,26.1937254,50.537855,263 شارع 13، Tubli,,,True,reverse geocode country=BH,ChIJUaRF3LmvST4R58OGrmCuaEo
The British School Of Bahrain,international_school,,26.1618404,50.4720232,"Building 1080 Block 1014, Road 1425، الهملة",,,True,reverse geocode country=BH,ChIJ9T8u7v-wST4RmjhJVy_2cGo
The Indian School,international_school,,26.158445,50.5412964,"119 Rd No 4109, Isa Town",,,True,reverse geocode country=BH,ChIJXYpUxm6uST4RzKchU8_GgAM
The New Indian School,international_school,,26.1550767,50.5661516,"5H48+2FJ, Isa Town",,,True,reverse geocode country=BH,ChIJ87BFJ52uST4ROhjltk-T0cM
The One Multinational School Bahrain,international_school,,26.2125646,50.5928698,"Building 850, Road 3828 Adliya, 6H7V+76F, Rd No 3831, المنامة",,,True,reverse geocode country=BH,ChIJhU4JRDKvST4RLznr87PzQH8
Tylos Private School,international_school,,26.2778696,50.6116668,"7JH6+4MV, Avenue 50, الحد",,,True,reverse geocode country=BH,ChIJrQYrGWWmST4RJK0IazQkaxA
Al Majd International Private School (مدرسة المجد العالمية الخاصة),international_school,,26.2125775,50.5580366,"6H65+X6M, Zinj",,,True,reverse geocode country=BH,ChIJ_QxDTgCvST4RKosAxu41GS4
Al Fateh Model Preschool,preschool,,26.2057476,50.5853906,"Villa 675 Road 3313 Block 333 Manama, Manama 1234",4.7,99,True,reverse geocode country=BH,ChIJ2drAnCWvST4RfL0dT54oku4
EtonHouse Preschool Bahrain - International Curriculum,preschool,,26.170221,50.4727906,"Block No. 579, Villa No. 539 Road No.7908, Hamala",5,14,True,reverse geocode country=BH,ChIJxeyYxlewST4RT7u0ZGHFwzI
Kinder World Preschool,preschool,,26.169824,50.4737368,"House 550, road 7913, block 579, الجنبية",4.8,25,True,reverse geocode country=BH,ChIJqb8E0QKxST4RfpOD9EWuDqU
