category,latitude,longitude
school_all,26.2135226,50.6080377
food,26.2112179,50.6061918
supermarket,26.2164273,50.4797878
supermarket,26.3308844,50.1621753
supermarket,26.2891622,50.2190277
supermarket,26.2947618,50.1992597
food,26.2819849,50.2160144
food,26.2167083,50.4791628
supermarket,26.3283564,50.2135758
school_all,26.2508119,50.6561393
food,26.2552773,50.6319916
food,26.2115858,50.6075606
healthcare,26.253961,50.6449363
supermarket,26.221202,50.4890426
food,26.2336188,50.5952286
beach,26.2297967,50.6005217
food,26.229328,50.5999592
supermarket,26.2313604,50.5283995
food,26.2353282,50.5335039
food,26.233558,50.5412402
food,26.2331709,50.5412184
food,26.2322294,50.532047
food,26.2325112,50.5412511
food,26.2323496,50.5335404
food,26.2328165,50.5412402
supermarket,26.2321962,50.5319662
food,26.2217388,50.4897329
food,26.2443166,50.538389
supermarket,26.2179727,50.5610278
healthcare,26.2171501,50.5717556
healthcare,26.2175185,50.5672168
school_all,26.2311522,50.4985221
school_all,26.2779648,50.6117366
food,26.2721336,50.6076657
supermarket,26.2725179,50.6034634
food,26.2721437,50.607757
supermarket,26.2721784,50.607945
school_all,26.2218128,50.5324223
food,26.2279336,50.5386018
food,26.2189251,50.5892404
food,26.2191458,50.5892319
food,26.2187425,50.5889135
supermarket,26.2158993,50.5897521
food,26.2191797,50.588608
food,26.2186662,50.5877973
food,26.215259,50.5922599
food,26.2157083,50.5909855
food,26.215253,50.5914992
food,26.2155118,50.5919912
food,26.2151268,50.5920195
food,26.2148138,50.5913578
food,26.2152457,50.5912664
food,26.2153491,50.5918336
food,26.2151691,50.5925198
food,26.2151029,50.5919246
food,26.2145139,50.5928363
food,26.2147488,50.5905525
food,26.2153259,50.5916517
food,26.2131406,50.5928612
food,26.2156952,50.5916996
food,26.214818,50.5927131
food,26.2155925,50.5913973
food,26.2146601,50.5927571
supermarket,26.2185616,50.5848693
food,26.2131941,50.5853047
supermarket,26.2153015,50.5877655
food,26.2125368,50.5857869
food,26.2191201,50.5861813
food,26.2148301,50.5873247
supermarket,26.2214449,50.5649531
supermarket,26.2229451,50.5644479
supermarket,26.2142349,50.5840645
food,26.2084426,50.5912353
supermarket,26.2364099,50.5898873
supermarket,26.2334589,50.5910096
supermarket,26.2336577,50.5938367
food,26.2336775,50.5954675
supermarket,26.2356193,50.5923611
food,26.2338781,50.5950678
food,26.2408266,50.5902277
supermarket,26.2347839,50.5918835
food,26.2338165,50.593682
food,26.2344946,50.5758051
food,26.2347157,50.5958437
food,26.234512,50.5913066
food,26.233416,50.5949544
food,26.2341004,50.5949368
food,26.2375213,50.5917446
food,26.2332846,50.5890622
supermarket,26.2352945,50.590659
supermarket,26.2367832,50.591033
food,26.2320126,50.5903316
food,26.233507,50.5950259
food,26.2350521,50.5956498
food,26.241289,50.5899713
supermarket,26.2366373,50.5940541
food,26.2085981,50.5919617
school_all,26.2116273,50.590446
supermarket,26.2426408,50.5881031
food,26.2132479,50.5862719
supermarket,26.209121,50.5907248
food,26.2130062,50.5900655
food,26.2355112,50.5764172
food,26.2071589,50.5922831
food,26.2134626,50.5863148
supermarket,26.2127096,50.5871454
food,26.2362092,50.5760583
food,26.2364502,50.5758685
food,26.2140955,50.5872753
food,26.2121089,50.5873069
food,26.2181907,50.5198785
school_all,26.328366,50.191436
school_all,26.3283645,50.1916357
food,26.2394321,50.5805869
supermarket,26.2187532,50.5123039
food,26.2399069,50.5814832
supermarket,26.2108273,50.6009382
food,26.2142828,50.6001796
school_all,26.2101197,50.6034658
food,26.2112587,50.6061417
food,26.2112305,50.6074334
food,26.2112392,50.6075694
food,26.2098405,50.6037128
supermarket,26.2114474,50.6063592
food,26.2173355,50.608587
healthcare,26.2173529,50.6082247
food,26.2144873,50.6001518
food,26.2098855,50.6040925
school_all,26.2060035,50.5999984
food,26.2117516,50.6078536
supermarket,26.2134358,50.5973781
food,26.2114935,50.6078206
food,26.2140639,50.6001941
food,26.2315028,50.5954428
supermarket,26.2331483,50.5960961
supermarket,26.2335346,50.5971814
supermarket,26.2255081,50.5962928
food,26.2291035,50.5958513
supermarket,26.2290636,50.5956309
food,26.2158502,50.6018711
supermarket,26.2291409,50.596264
food,26.2161761,50.6018089
school_all,26.2258864,50.5966827
food,26.2314031,50.5951749
food,26.2294644,50.59506
supermarket,26.2307259,50.5979981
food,26.2310527,50.5970776
food,26.2334545,50.5964292
food,26.23294,50.5969842
supermarket,26.2157735,50.6015581
supermarket,26.2254047,50.5901377
supermarket,26.2243151,50.5886834
food,26.2262129,50.5914831
food,26.217227,50.5906926
supermarket,26.2264333,50.5934978
supermarket,26.2247715,50.5911066
supermarket,26.2255645,50.5909572
supermarket,26.2282744,50.5890453
supermarket,26.2286788,50.5944116
food,26.2245094,50.5967259
food,26.2298087,50.5946566
supermarket,26.2277568,50.5928227
supermarket,26.229188,50.589378
supermarket,26.227246,50.592502
supermarket,26.2289241,50.5924839
school_all,26.2284679,50.5931773
food,26.2316167,50.590243
supermarket,26.2302555,50.5916399
supermarket,26.2303929,50.5912015
food,26.2316186,50.5949131
supermarket,26.2305214,50.5905018
supermarket,26.231437,50.5902538
supermarket,26.2288752,50.5874263
food,26.2288537,50.5855133
food,26.2272061,50.5862182
supermarket,26.227353,50.5861794
supermarket,26.2275915,50.5870788
school_all,26.2300403,50.5865494
supermarket,26.2325021,50.5875755
supermarket,26.2298235,50.5875635
food,26.203007,50.5967542
supermarket,26.2028894,50.5999005
healthcare,26.2028806,50.5959675
food,26.2114627,50.6087751
food,26.2111097,50.593131
supermarket,26.2005795,50.593103
supermarket,26.2027516,50.5945106
food,26.2050145,50.5958746
supermarket,26.2064745,50.5921932
supermarket,26.200599,50.5923965
supermarket,26.2023855,50.596206
food,26.211242,50.607094
fitness,26.2057247,50.5951592
food,26.2044664,50.5965652
school_all,26.2204804,50.5823357
food,26.2285635,50.5837142
school_all,26.2221195,50.5706907
food,26.2010074,50.587248
food,26.2189455,50.5753825
food,26.2069268,50.5763349
supermarket,26.2046002,50.5810594
healthcare,26.2190001,50.5746636
supermarket,26.2151755,50.5785545
supermarket,26.211835,50.5788028
school_all,26.2183784,50.5783415
food,26.2088886,50.5759816
food,26.2034471,50.5679805
food,26.2032088,50.5679986
food,26.2105029,50.5752754
supermarket,26.21127,50.5714394
food,26.2055669,50.5752678
food,26.2053596,50.5752678
supermarket,26.2182786,50.5642672
supermarket,26.2182904,50.564488
supermarket,26.2165335,50.5636853
supermarket,26.2267328,50.5714301
food,26.2118158,50.5656923
school_all,26.2164859,50.5614531
school_all,26.2175265,50.5618796
school_all,26.2169295,50.5621049
school_all,26.3823798,50.1827712
supermarket,26.3816357,50.1786038
healthcare,26.3819196,50.1782197
supermarket,26.2932161,50.1808592
food,26.2905638,50.1801818
food,26.2900636,50.1812225
school_all,26.2934687,50.1779717
food,26.2363152,50.5395346
supermarket,26.2918355,50.6674407
supermarket,26.2836412,50.6223246
food,26.2837249,50.6222608
food,26.2837985,50.622205
school_all,26.2818554,50.6271562
supermarket,26.2858763,50.6250427
supermarket,26.2843042,50.6209625
food,26.2811325,50.6366985
school_all,26.281664,50.6302068
food,26.2804136,50.6363159
supermarket,26.2845005,50.6238331
supermarket,26.2800514,50.6344009
supermarket,26.2773129,50.6362325
supermarket,26.2763763,50.6539324
supermarket,26.2751913,50.6579643
supermarket,26.2702492,50.6560744
food,26.2726476,50.6502157
supermarket,26.2725208,50.6509812
supermarket,26.2705668,50.6528873
food,26.2744209,50.6466606
food,26.2729623,50.6481362
supermarket,26.2726296,50.653217
supermarket,26.2721063,50.6513071
food,26.2746024,50.6495158
food,26.2739568,50.6523239
supermarket,26.2736702,50.6527039
food,26.2742061,50.6509385
supermarket,26.2722094,50.6543292
food,26.2742272,50.6507758
food,26.2702453,50.6521227
supermarket,26.2646651,50.6560264
food,26.2646702,50.6561363
supermarket,26.2646507,50.6562463
supermarket,26.2500081,50.6539722
healthcare,26.2498357,50.6558568
food,26.2435861,50.6557626
food,26.2472146,50.6540072
food,26.2447861,50.6555204
food,26.2445415,50.6555176
food,26.2501472,50.6539503
supermarket,26.2489713,50.6543467
supermarket,26.2498362,50.6545815
supermarket,26.2498931,50.654084
supermarket,26.2567258,50.6486982
supermarket,26.2429168,50.6553314
food,26.2560556,50.648212
food,26.250036,50.6535373
food,26.2497925,50.6541071
food,26.2495984,50.6543621
supermarket,26.2472188,50.6560463
supermarket,26.2385384,50.6552393
food,26.2370667,50.6562474
food,26.2415054,50.6568081
healthcare,26.2395684,50.6555253
supermarket,26.2437855,50.6555009
food,26.2388254,50.6522575
food,26.2422484,50.653383
school_all,26.2444383,50.6564048
food,26.2415145,50.6552219
supermarket,26.2406562,50.6530869
supermarket,26.2364171,50.6552394
supermarket,26.2394276,50.6552442
supermarket,26.2380222,50.6554311
food,26.2405059,50.6552633
food,26.2248702,50.6333102
supermarket,26.2357278,50.653721
supermarket,26.2409513,50.6552043
food,26.2244476,50.6321544
food,26.2247796,50.6331433
food,26.2400606,50.655272
supermarket,26.2415855,50.6519007
food,26.2402595,50.6525965
supermarket,26.2402512,50.6549638
healthcare,26.2397116,50.651357
supermarket,26.229919,50.6513585
food,26.241881,50.6540094
food,26.2402732,50.6531654
supermarket,26.2535794,50.6457159
school_all,26.250474,50.6447623
supermarket,26.2488371,50.6472915
supermarket,26.2478829,50.6504479
supermarket,26.2521444,50.6486936
school_all,26.2463238,50.6492297
food,26.2570211,50.6486465
supermarket,26.2590598,50.6415702
supermarket,26.2547237,50.6490763
food,26.2546209,50.6491518
food,26.2570912,50.6486027
supermarket,26.2546512,50.6455268
food,26.254831,50.645562
food,26.254766,50.6454286
food,26.2588882,50.6453944
food,26.2486658,50.6438841
food,26.2569536,50.648719
food,26.2551749,50.6454948
food,26.2572433,50.6484864
supermarket,26.2584441,50.6414706
food,26.2569905,50.6483282
food,26.2587093,50.6454779
food,26.2571596,50.6485522
food,26.2553184,50.6454788
supermarket,26.256192,50.648027
food,26.2558496,50.6401599
supermarket,26.2532782,50.6445951
supermarket,26.2551181,50.6410412
food,26.2508961,50.6431428
school_all,26.2537925,50.642566
school_all,26.2494458,50.6368298
supermarket,26.2463543,50.6357303
supermarket,26.2409651,50.6356285
supermarket,26.2523446,50.6324758
food,26.24646,50.6358256
food,26.2560555,50.6360963
food,26.2561744,50.6360963
supermarket,26.2461879,50.635772
supermarket,26.2540948,50.6306239
food,26.2545114,50.6292175
food,26.255155,50.6323831
food,26.255066,50.632162
supermarket,26.2544474,50.6289232
school_all,26.1785242,50.5528677
supermarket,26.2564037,50.6337769
food,26.2553163,50.6327498
supermarket,26.2573812,50.63346
supermarket,26.2585596,50.6352531
food,26.2551351,50.631438
food,26.2587096,50.628507
food,26.2569775,50.6336247
supermarket,26.2568481,50.6333186
food,26.2591925,50.6349655
food,26.2554749,50.6320119
food,26.2560109,50.634641
food,26.2563163,50.633805
food,26.2340251,50.5751831
food,26.2302237,50.5996716
food,26.2111998,50.6094208
food,26.211204,50.6093367
food,26.2716713,50.605496
supermarket,26.2736526,50.6055347
food,26.2112032,50.6092261
food,26.2114896,50.6080352
food,26.2111453,50.6101431
food,26.2112036,50.6090096
food,26.2170843,50.6048407
supermarket,26.2722151,50.6083382
supermarket,26.2692014,50.606351
supermarket,26.2693361,50.6087863
supermarket,26.2712308,50.6074908
supermarket,26.2703137,50.6063565
supermarket,26.2697336,50.606604
supermarket,26.2671173,50.6069617
food,26.2676457,50.6150579
supermarket,26.2711084,50.6094687
supermarket,26.2716074,50.6093587
food,26.2670655,50.6153609
healthcare,26.2694837,50.6139688
food,26.2718342,50.6093082
supermarket,26.2638204,50.6053007
supermarket,26.2635029,50.6095805
school_all,26.2631263,50.6058895
supermarket,26.2657213,50.6043514
supermarket,26.2651183,50.6077544
supermarket,26.2658122,50.6069048
supermarket,26.26694,50.6158974
supermarket,26.2637077,50.60851
supermarket,26.2647225,50.6183851
supermarket,26.2640583,50.618979
food,26.261908,50.6173988
supermarket,26.2620512,50.6172886
food,26.2635734,50.6165951
supermarket,26.263242,50.6164835
school_all,26.2623494,50.6193652
supermarket,26.2597956,50.6163518
food,26.2621138,50.6146468
supermarket,26.2596453,50.6175204
supermarket,26.2585876,50.6193261
food,26.2615383,50.6123392
food,26.2613754,50.6116121
supermarket,26.256861,50.6133477
supermarket,26.2602415,50.6168252
supermarket,26.2577717,50.6162279
supermarket,26.259792,50.6171887
food,26.2616914,50.6121991
food,26.2613462,50.6113529
food,26.257801,50.6167543
food,26.2612335,50.6152913
food,26.2608616,50.6124806
supermarket,26.2574445,50.6190896
healthcare,26.2612315,50.6146835
supermarket,26.2558001,50.6196536
food,26.2614933,50.6147752
supermarket,26.2598015,50.6121089
food,26.2547756,50.6186245
food,26.2607101,50.612029
supermarket,26.2611397,50.6144927
supermarket,26.2565039,50.6167738
supermarket,26.2611786,50.613331
food,26.2610287,50.613342
food,26.2610827,50.6137306
school_all,26.2551139,50.6182055
food,26.2616712,50.6120964
food,26.2616792,50.6113469
supermarket,26.2538812,50.6141868
food,26.2484085,50.6167854
supermarket,26.255395,50.6159142
supermarket,26.2530893,50.6188903
supermarket,26.2540022,50.6145181
food,26.2528301,50.6187169
supermarket,26.2514094,50.6169156
supermarket,26.2518034,50.617703
food,26.2544218,50.6152097
supermarket,26.2538976,50.6198216
supermarket,26.2509232,50.619544
supermarket,26.2443065,50.6150876
supermarket,26.2444975,50.6153406
supermarket,26.2528732,50.6142518
supermarket,26.2440458,50.6146449
supermarket,26.2448133,50.6159786
healthcare,26.2524132,50.6141539
food,26.2777451,50.6622668
food,26.2789024,50.6651845
food,26.2525895,50.619228
food,26.2495302,50.6205264
supermarket,26.2528945,50.61558
supermarket,26.2520149,50.6178659
healthcare,26.2476586,50.6093592
supermarket,26.2492997,50.6142807
supermarket,26.2482401,50.6147602
supermarket,26.2476555,50.6143465
food,26.2028443,50.5971553
school_all,26.2516662,50.6139234
food,26.2478308,50.6171713
supermarket,26.250732,50.6117769
supermarket,26.2500511,50.6118643
supermarket,26.2478825,50.6173035
supermarket,26.247691,50.6164197
supermarket,26.2474828,50.6160227
supermarket,26.2501023,50.6106796
supermarket,26.2502158,50.6119422
food,26.252766,50.6140573
food,26.2510095,50.6084045
school_all,26.253001,50.6123432
supermarket,26.2461235,50.613474
food,26.254273,50.6122096
food,26.2540335,50.6111135
food,26.2560023,50.6060872
food,26.2586435,50.6051991
supermarket,26.2563865,50.6060405
school_all,26.1845422,50.5847431
food,26.291454,50.1823605
food,26.2929942,50.1788029
food,26.1957237,50.6632418
food,26.2340559,50.5662585
food,26.2341533,50.5683662
food,26.127938,50.5896752
food,26.1285015,50.5893963
food,26.1283377,50.5894553
healthcare,26.1464015,50.5778206
supermarket,26.1712256,50.5481961
healthcare,26.1694231,50.6002706
supermarket,26.1385643,50.6027829
healthcare,26.1672532,50.5633268
supermarket,26.1690593,50.5642765
food,26.1693686,50.5645126
food,26.2824911,50.2158944
food,26.2311396,50.5951692
supermarket,26.2294541,50.5947846
food,26.2363996,50.5776687
food,26.215452,50.5877437
food,26.3033617,50.2069302
food,26.2208836,50.5007227
food,26.3823463,50.1781289
food,26.3820788,50.1781477
food,26.3050657,50.1962317
food,26.2145041,50.594233
food,26.2144622,50.5941598
food,26.2138494,50.5924503
food,26.2155269,50.5917995
food,26.2150559,50.5926363
food,26.2120521,50.5937768
food,26.2085598,50.5956885
food,26.2131512,50.5874193
supermarket,26.2142385,50.5874643
food,26.2499572,50.6102859
food,26.2996707,50.2237001
food,26.2996171,50.2236227
food,26.2988847,50.2231523
food,26.2825998,50.2121443
healthcare,26.2825132,50.21267
food,26.2897325,50.6633525
supermarket,26.2549991,50.6280661
food,26.2583765,50.6290153
food,26.2570049,50.6335853
food,26.2558046,50.6338669
food,26.2995768,50.6631787
food,26.2982815,50.6622619
supermarket,26.2984682,50.662209
food,26.2983193,50.6623807
food,26.2889125,50.663015
food,26.2888428,50.6629694
food,26.2884051,50.6628218
food,26.2875971,50.6624839
food,26.2897037,50.6646565
food,26.2893838,50.664855
food,26.2893189,50.664804
food,26.2888379,50.6646618
food,26.2862071,50.6633154
food,26.2885229,50.6644526
food,26.2887538,50.6645653
food,26.2887079,50.6645743
food,26.2887153,50.6645411
food,26.2359418,50.5896675
supermarket,26.2360537,50.5898466
food,26.2356967,50.5894341
food,26.2352409,50.5892764
supermarket,26.1285244,50.5898771
food,26.209852,50.6033575
supermarket,26.2942075,50.172625
food,26.2133937,50.586311
food,26.2115099,50.6071008
food,26.3043419,50.1748335
food,26.2214482,50.5452716
food,26.2612742,50.6229129
supermarket,26.1276005,50.5895357
food,26.2897129,50.6641986
food,26.2897699,50.6640893
food,26.2124583,50.5861746
food,26.2687151,50.1876888
food,26.3233011,50.1647255
food,26.2868372,50.183482
food,26.3642713,50.2003321
food,26.3050875,50.1706299
food,26.2788757,50.2079639
supermarket,26.3377053,50.2007848
healthcare,26.353344,50.1738012
food,26.2907291,50.1804913
food,26.2888442,50.2146632
food,26.309157,50.175393
food,26.1969297,50.4776439
supermarket,26.3064904,50.1728873
supermarket,26.1352911,50.5848734
food,26.2321311,50.5959194
food,26.2324024,50.5946227
food,26.226577,50.5873919
food,26.2285013,50.5826593
food,26.2258193,50.5832352
food,26.225673,50.5847047
supermarket,26.2340964,50.5756467
food,26.2338846,50.5759572
supermarket,26.3126808,50.1571277
supermarket,26.2040641,50.197421
supermarket,26.2546778,50.2093669
supermarket,26.2890503,50.1918422
supermarket,26.2939247,50.1824997
supermarket,26.297809,50.2167323
supermarket,26.2896581,50.1924319
supermarket,26.2857967,50.2170537
supermarket,26.2856799,50.1883141
supermarket,26.2801696,50.2143094
supermarket,26.2010032,50.1943933
supermarket,26.3170404,50.2034858
food,26.255943,50.6280267
food,26.2011893,50.5612602
supermarket,26.2199999,50.1759845
supermarket,26.2942001,50.1710375
supermarket,26.2550356,50.2034793
supermarket,26.2875134,50.1997237
supermarket,26.2239947,50.1963964
supermarket,26.2502414,50.2027917
supermarket,26.2880808,50.1972915
supermarket,26.2856909,50.1942382
supermarket,26.1855634,50.1843925
supermarket,26.1769689,50.1629257
supermarket,26.2581817,50.2042577
supermarket,26.2173209,50.1844671
supermarket,26.3047569,50.1780224
supermarket,26.1569712,50.1610241
supermarket,26.2158,50.1790845
supermarket,26.25562,50.1942946
supermarket,26.2842538,50.2028532
supermarket,26.2278749,50.1835585
supermarket,26.1892853,50.1885974
supermarket,26.2247214,50.1944187
supermarket,26.2163541,50.1888736
supermarket,26.2668796,50.2129244
supermarket,26.2661321,50.2066037
supermarket,26.2669327,50.2059635
supermarket,26.3075567,50.2241478
supermarket,26.274144,50.2056086
supermarket,26.2791555,50.2082424
supermarket,26.3381456,50.2046601
supermarket,26.3204795,50.2166147
supermarket,26.3386118,50.1916135
supermarket,26.3131036,50.1775729
supermarket,26.3640063,50.2024456
supermarket,26.3570637,50.2028051
supermarket,26.3657756,50.2039768
supermarket,26.3635751,50.1987729
supermarket,26.3893457,50.178311
supermarket,26.3647903,50.2014694
supermarket,26.4191791,50.1648553
supermarket,26.3713648,50.1750011
food,26.3070533,50.2101118
supermarket,26.2956151,50.2127236
supermarket,26.3003587,50.2096998
supermarket,26.2982724,50.2102668
supermarket,26.2995935,50.2105087
school_all,26.3359459,50.1970598
healthcare,26.3341433,50.1885235
food,26.1297924,50.5747358
food,26.2325174,50.5344394
healthcare,26.2324649,50.534926
supermarket,26.2432755,50.6538642
food,26.2636567,50.2124236
food,26.2163798,50.5887767
food,26.2801776,50.6332551
food,26.2818182,50.6326932
supermarket,26.280298,50.633162
healthcare,26.0909223,50.5516222
food,26.269025,50.189498
supermarket,26.3520514,50.1997497
school_all,26.3692504,50.1790539
supermarket,26.2674238,50.2143288
healthcare,26.3027861,50.1731298
supermarket,26.1301154,50.5993978
food,26.1318802,50.6006029
school_all,26.3013325,50.1876828
food,26.2874724,50.2062177
school_all,26.195051,50.5406792
food,26.2186257,50.5681059
food,26.26251,50.6009744
supermarket,26.21039,50.5477834
food,26.2886086,50.2173523
food,26.2882515,50.2183043
food,26.2882727,50.2180881
healthcare,26.4153558,50.1502085
food,26.1859985,50.5552614
supermarket,26.2930017,50.1775314
food,26.2108026,50.576307
healthcare,26.3397116,50.1878843
food,26.2879432,50.6629541
healthcare,26.3317939,50.2139608
food,26.2290774,50.5874703
supermarket,26.266473,50.215069
healthcare,26.2494795,50.199672
food,26.2795981,50.2131444
food,26.1675695,50.5424188
food,26.1680474,50.5572488
healthcare,26.1692443,50.5571851
supermarket,26.2827387,50.2150361
food,26.2265257,50.5867752
supermarket,26.2245623,50.5726345
healthcare,26.2555369,50.6331133
supermarket,26.2685306,50.2165913
food,26.2877634,50.2178756
food,25.9946302,50.4663209
food,26.294769,50.2093941
food,26.2873257,50.2118737
school_all,26.218281,50.4980203
food,26.226657,50.5861389
food,26.2264362,50.5859568
food,26.2272537,50.5863417
food,26.2079362,50.5760055
food,26.2122265,50.5938514
healthcare,26.2052,50.5793
food,26.2340371,50.5997569
school_all,26.117438,50.481576
school_all,26.116272,50.481985
supermarket,26.2908764,50.1807165
food,26.226631,50.5788167
supermarket,26.2774657,50.1932582
supermarket,26.2674884,50.1998628
food,26.2136406,50.5843139
supermarket,26.2041209,50.5935976
food,26.2049141,50.5962412
food,26.2027354,50.5934393
food,26.2036593,50.5964231
food,26.2012012,50.5937661
healthcare,26.2027264,50.5961238
food,26.2025009,50.5959585
food,26.2044058,50.5961705
food,26.2026269,50.5969807
food,26.2002927,50.5928614
food,26.2010313,50.5938272
food,26.2003126,50.5928287
supermarket,26.1814241,50.5502086
supermarket,26.181357,50.5499862
food,26.1812831,50.5499754
supermarket,26.180324,50.5475395
healthcare,26.1805381,50.5474595
food,26.1814007,50.5500635
supermarket,26.1848215,50.5467012
food,26.1847878,50.5444053
food,26.2283847,50.6006337
food,26.2294226,50.5896157
healthcare,26.2885151,50.1939383
supermarket,26.2342346,50.5935748
food,26.2864052,50.2140263
supermarket,26.273479,50.1859523
supermarket,26.2857716,50.216525
supermarket,26.2792804,50.2048357
food,26.2417607,50.5883866
food,26.2150057,50.5919174
food,26.1428809,50.578285
food,26.1761642,50.5624079
food,26.1560158,50.5310888
food,26.2416551,50.5882181
food,26.2415212,50.5880426
supermarket,26.2773984,50.182512
supermarket,26.320784,50.215776
supermarket,26.347865,50.1902611
supermarket,26.2908449,50.2166396
supermarket,26.2043821,50.1974426
supermarket,26.2955094,50.2091409
supermarket,26.3629328,50.1680416
supermarket,26.272368,50.195584
supermarket,26.2783783,50.2007943
supermarket,26.2778504,50.1992272
supermarket,26.2843921,50.2111333
supermarket,26.2659742,50.2116126
supermarket,26.1776943,50.1949817
supermarket,26.3273216,50.1956224
supermarket,26.2065003,50.2086867
supermarket,26.317833,50.1634213
school_all,26.0282892,50.6126121
supermarket,26.2963753,50.1933725
school_all,26.2293383,50.5814723
healthcare,26.11949,50.5659431
supermarket,26.2965081,50.1922414
supermarket,26.3050168,50.2111982
supermarket,26.3932737,50.1595946
supermarket,26.2961989,50.2055738
supermarket,26.2919328,50.1993472
supermarket,26.2917728,50.1954624
food,26.2177762,50.5240866
food,26.2333684,50.5933486
food,26.2295124,50.5944096
supermarket,26.2133841,50.2026371
supermarket,26.339783,50.1655798
supermarket,26.3372,50.1553024
supermarket,26.3346497,50.1659632
supermarket,26.4074992,50.1830144
supermarket,26.336701,50.1653503
supermarket,26.2965508,50.2099356
supermarket,26.2783214,50.2006893
food,26.2277895,50.536357
supermarket,26.3229687,50.1620036
supermarket,26.323792,50.1657984
supermarket,26.3228439,50.1614651
supermarket,26.3818029,50.1782704
food,26.2697481,50.2188933
supermarket,26.278577,50.1915239
food,26.2805643,50.2146356
food,26.211293,50.6057255
supermarket,26.2852434,50.1900506
school_all,26.2851995,50.1874677
healthcare,26.2842809,50.1901151
supermarket,26.2979764,50.1879327
supermarket,26.2852325,50.1899692
food,26.2836811,50.1970977
food,26.2837275,50.1969544
supermarket,26.2264166,50.5858563
food,26.2801919,50.191843
food,26.1181571,50.5691705
food,26.2331843,50.5410025
food,26.2870742,50.1837953
food,26.2871321,50.1836588
food,26.2872011,50.1834838
food,26.2871661,50.1835667
food,26.2872229,50.1834057
supermarket,26.2884572,50.1837681
healthcare,26.2816384,50.1973122
healthcare,26.2908833,50.1810779
healthcare,26.2972597,50.2150943
supermarket,26.2982206,50.1799843
supermarket,26.3379457,50.1657039
food,26.1762599,50.5625
food,26.1997878,50.4742783
fitness,26.2230801,50.4872552
fitness,26.2218623,50.5024792
food,26.1413045,50.5819001
supermarket,26.3179447,50.1634218
food,26.1595311,50.5207025
supermarket,26.23284,50.5395271
healthcare,26.38834,50.1513083
food,26.2962746,50.209716
food,26.2335332,50.5743882
supermarket,26.2327862,50.5950054
food,26.2153042,50.5904721
food,26.2502798,50.6082934
supermarket,26.410914,50.184687
food,26.1322556,50.5605464
fitness,26.204079,50.4480827
supermarket,26.292574,50.174451
food,26.2258801,50.5698948
food,26.218415,50.491085
food,26.219725,50.6063286
supermarket,26.2196949,50.6040783
healthcare,26.2941421,50.2183905
food,26.2120836,50.5939812
food,26.2385408,50.5350147
school_all,26.360812,50.1752771
food,26.2326333,50.5950599
supermarket,26.1911369,50.5567179
food,26.2308797,50.5992413
food,25.8297489,50.6177528
food,25.8342204,50.6195981
food,25.8450343,50.618709
food,26.201172,50.2045655
food,26.1944637,50.5122196
food,26.2155426,50.5884024
supermarket,26.2327369,50.555433
supermarket,26.2308686,50.553225
food,26.2313942,50.5302111
food,26.2315675,50.530583
food,26.2418363,50.5885169
food,26.2417178,50.5883097
food,26.2416068,50.5881456
food,26.2409903,50.5871239
food,26.2322753,50.5321457
food,26.2323121,50.532226
food,26.2316914,50.5305306
food,26.2426392,50.589256
food,26.2425858,50.5891498
supermarket,26.2406505,50.5875427
food,26.2399118,50.5883219
food,26.2400044,50.5883885
supermarket,26.2270808,50.5799066
food,26.1152691,50.5752147
food,26.115172,50.575362
food,26.1151113,50.5754553
food,26.2119276,50.543036
food,26.2120494,50.5428891
supermarket,26.2128559,50.541962
food,26.1142055,50.5767165
food,26.2373761,50.5295567
supermarket,26.2365052,50.5946557
supermarket,26.2348648,50.5957666
food,26.2347841,50.5963416
food,26.2340271,50.597124
food,26.2349196,50.5880639
food,26.2094037,50.5458261
food,26.2373176,50.5948128
food,26.2345177,50.5956038
food,26.2344502,50.5958932
food,26.1145829,50.5756292
food,26.2316662,50.5886634
food,26.2343049,50.5967298
food,26.2361151,50.5944404
food,26.2362491,50.5943504
food,26.2314313,50.588523
food,26.2135342,50.5863231
food,26.2136895,50.5866188
food,26.212513,50.5862695
food,26.1169438,50.5709226
food,26.2364961,50.5921777
food,26.2128643,50.5863829
food,26.2128906,50.5863927
food,26.2369766,50.5373339
food,26.2367489,50.5915663
food,26.2367656,50.5910047
food,26.2367063,50.5909435
food,26.2366079,50.5902086
food,26.2365972,50.5903317
food,26.2363638,50.5908841
food,26.2359563,50.5912218
supermarket,26.2349982,50.5919189
food,26.2131989,50.5874307
food,26.2398835,50.5373482
food,26.2348577,50.592031
supermarket,26.2346726,50.5922773
food,26.2339432,50.5936638
food,26.2340716,50.5935771
supermarket,26.2331889,50.5949751
food,26.2329077,50.5950759
food,26.2327604,50.5951378
food,26.2322193,50.5949337
supermarket,26.2322007,50.5948092
supermarket,26.2321508,50.5945088
food,26.2085422,50.5910384
food,26.1161473,50.5735341
food,26.1170475,50.570016
food,26.1168062,50.570641
food,26.1165948,50.5713848
food,26.1163321,50.5721601
food,26.1163052,50.5722355
food,26.1162714,50.5723265
food,26.1159281,50.5733292
food,26.2098403,50.6039536
food,26.2098403,50.6040213
food,26.2098403,50.604051
food,26.2098357,50.6042508
food,26.2155594,50.5658758
food,26.2389554,50.5350724
supermarket,26.221756,50.5171383
food,26.2279528,50.588248
healthcare,26.2275851,50.5882383
food,26.2247399,50.5878911
food,26.1219732,50.5726952
food,26.1217306,50.5718239
food,26.1216522,50.5715765
food,26.220828,50.5172085
food,26.2382675,50.5848075
supermarket,26.2303815,50.5881894
food,26.2301009,50.5881959
food,26.2298192,50.588176
supermarket,26.2299111,50.5881751
fitness,26.234501,50.5740413
food,26.232137,50.5942461
supermarket,26.2320797,50.5939755
food,26.2319824,50.5936289
supermarket,26.2319616,50.5934621
food,26.2318443,50.5924422
food,26.2318416,50.592369
food,26.231829,50.5922788
supermarket,26.2318614,50.5920892
food,26.2318434,50.5919844
food,26.2288607,50.5880746
food,26.2318882,50.5916527
food,26.2319129,50.5909201
food,26.1210069,50.5700374
food,26.1208354,50.5695134
food,26.2274251,50.5879119
food,26.2557035,50.6057696
food,26.2319354,50.5903864
supermarket,26.2332839,50.5919073
supermarket,26.2548511,50.6082371
food,26.2371269,50.5914841
healthcare,26.2363167,50.5903316
food,26.2360283,50.5909095
supermarket,26.2355874,50.5912542
supermarket,26.2344181,50.592097
food,26.2345249,50.5922615
food,26.2347291,50.5926542
food,26.2335545,50.5943334
food,26.23398,50.5938894
food,26.2323216,50.5946429
food,26.2322657,50.5943097
food,26.184583,50.5442366
supermarket,26.2320352,50.5932792
supermarket,26.2320451,50.5933115
food,26.2321732,50.5936563
food,26.1219562,50.5674277
supermarket,26.2320165,50.5931218
supermarket,26.2320177,50.5914599
supermarket,26.2320311,50.5911789
food,26.1800574,50.5474772
supermarket,26.1800473,50.547554
food,26.1799107,50.5480857
food,26.1797586,50.5483647
supermarket,26.1795418,50.5490441
supermarket,26.232476,50.5909516
food,26.2326154,50.5909798
food,26.2327423,50.5910057
food,26.2331374,50.591036
supermarket,26.2331926,50.5910417
supermarket,26.2327329,50.5918944
supermarket,26.2326297,50.5918798
supermarket,26.1787546,50.5521568
healthcare,26.1779846,50.551363
fitness,26.2098322,50.604787
food,26.2116554,50.6028739
food,26.2120563,50.60179
food,26.2120863,50.6016551
food,26.2121051,50.6015663
supermarket,26.2121367,50.6012833
food,26.2099729,50.6017014
food,26.2099654,50.6016638
food,26.2099298,50.6014976
food,26.2099223,50.6014631
food,26.2099063,50.6013878
food,26.209881,50.6012665
food,26.2098754,50.601232
food,26.211533,50.5987431
food,26.1858687,50.5418069
food,26.1857977,50.5419503
food,26.1857855,50.5419911
fitness,26.2207949,50.5045222
supermarket,26.2331914,50.5934353
food,26.233164,50.5934445
supermarket,26.2330199,50.5934787
food,26.2150488,50.6017979
food,26.2348824,50.5764424
supermarket,26.2333932,50.5740166
supermarket,26.2323357,50.5725874
food,26.2320136,50.5721787
food,26.2319832,50.5721422
food,26.2319549,50.5721093
food,26.2319268,50.5720729
food,26.2121229,50.6004201
food,26.2143209,50.6001449
food,26.220873,50.5037053
food,26.2208539,50.503296
food,26.2208727,50.5032046
food,26.2212193,50.5026608
food,26.221259,50.5027478
food,26.2213065,50.5028162
food,26.2216344,50.5030199
food,26.2214863,50.50253
food,26.2208522,50.5010417
food,26.2208983,50.5001525
supermarket,26.2120122,50.6027038
food,26.2120393,50.6026315
food,26.2120322,50.6025475
food,26.2299003,50.5699273
supermarket,26.2313389,50.5905023
food,26.2312768,50.5905012
food,26.2311586,50.5905055
supermarket,26.2310576,50.5904844
food,26.2310181,50.5904634
food,26.2304485,50.5902311
fitness,26.1237718,50.5654078
food,26.2295138,50.591123
food,26.2101442,50.6017259
supermarket,26.2101632,50.6018082
food,26.2100559,50.6013382
food,26.2100436,50.6012335
food,26.1242764,50.5651879
healthcare,26.1243586,50.5651388
food,26.2296897,50.4817373
supermarket,26.229122,50.4806157
food,26.2101135,50.600255
food,26.2152091,50.5999538
supermarket,26.2304612,50.5906959
food,26.231095,50.5948741
supermarket,26.231374,50.5938746
supermarket,26.2313135,50.5916438
food,26.2313277,50.5907017
food,26.2112351,50.6052973
food,26.2112369,50.6052462
food,26.2112351,50.6050538
food,26.2112016,50.608757
food,26.2112016,50.6086563
food,26.211204,50.6085432
food,26.2112048,50.6084407
food,26.2112072,50.6083658
food,26.2112096,50.6082954
food,26.2112331,50.6078696
food,26.2112345,50.6077983
food,26.2112355,50.6076657
food,26.2112324,50.6073699
food,26.2112282,50.6067999
food,26.2112282,50.6067362
food,26.2112538,50.6065431
food,26.211257,50.606277
food,26.2112575,50.6061733
food,26.211601,50.6051717
food,26.2116633,50.6051745
food,26.2117019,50.6051759
healthcare,26.2320189,50.5718345
food,26.2288334,50.5654662
food,26.2291808,50.5688704
food,26.2291142,50.5688956
food,26.228436,50.56584
food,26.2326613,50.5725406
food,26.2114157,50.6091515
food,26.2114138,50.6091011
food,26.2114138,50.609017
food,26.2114138,50.6089477
food,26.2114138,50.6089813
food,26.2114629,50.6088405
food,26.2114632,50.6087136
food,26.2114657,50.6086467
food,26.2114666,50.6085554
food,26.2114683,50.6084924
food,26.2114911,50.6080604
food,26.2114911,50.6079973
healthcare,26.2115121,50.6074673
food,26.2115141,50.6073261
food,26.2115112,50.6071659
food,26.2115606,50.6071015
supermarket,26.2114435,50.6064569
food,26.2327863,50.5760003
food,26.2327781,50.5759843
supermarket,26.2211872,50.5650748
supermarket,26.2208033,50.5651415
food,26.2209484,50.5650958
supermarket,26.2210406,50.5650648
school_all,26.218463,50.5273163
food,26.2613614,50.6112124
food,26.2613731,50.6112674
food,26.2614088,50.6114415
food,26.2615178,50.6121385
food,26.2616179,50.6147684
supermarket,26.2294069,50.4942741
food,26.2312366,50.4951111
supermarket,26.2311343,50.4943189
supermarket,26.2596295,50.6128227
supermarket,26.2057115,50.5506037
supermarket,26.2056225,50.5508131
food,26.2049864,50.5515308
supermarket,26.2309565,50.4935009
food,26.2309941,50.4936299
supermarket,26.2310202,50.4938202
supermarket,26.2598165,50.6117198
supermarket,26.2574045,50.6114296
supermarket,26.2566663,50.611264
supermarket,26.2564054,50.6113453
food,26.2561683,50.6114132
healthcare,26.2200864,50.5341968
food,26.2206523,50.5357338
food,26.2203651,50.5354739
healthcare,26.2209664,50.5361044
food,26.2208112,50.5365208
food,26.2317435,50.5903508
fitness,26.2315609,50.5903419
food,26.2299707,50.5900175
supermarket,26.2299345,50.5901252
food,26.2297447,50.5905851
supermarket,26.2564389,50.6119284
food,26.2572118,50.6127269
supermarket,26.2293265,50.5912005
fitness,26.2293237,50.5914846
food,26.2293295,50.5915148
food,26.2306074,50.5909629
supermarket,26.2575453,50.6150898
food,26.2576615,50.615396
food,26.1026035,50.5652924
supermarket,26.1028338,50.5650432
food,26.1025289,50.5646182
supermarket,26.2301862,50.4783547
supermarket,26.2308274,50.5920294
supermarket,26.2583032,50.6165543
food,26.2591484,50.6162243
food,26.2597859,50.615921
supermarket,26.2602371,50.615724
food,26.2607586,50.6154848
food,26.2630183,50.6163259
food,26.2625858,50.6167711
supermarket,26.2315185,50.592992
food,26.2305406,50.5948435
food,26.2049036,50.5524818
supermarket,26.2047017,50.5529195
healthcare,26.2105073,50.5339576
supermarket,26.2156176,50.5332534
food,26.2581915,50.617378
food,26.2581161,50.6171758
supermarket,26.2577317,50.6165983
supermarket,26.2570864,50.6168284
supermarket,26.2290298,50.5897937
food,26.2565793,50.6168706
food,26.2565101,50.6168762
food,26.2552355,50.6176186
supermarket,26.2552619,50.6176048
supermarket,26.2281455,50.5899563
supermarket,26.2280339,50.5902294
food,26.2280459,50.590281
food,26.2280539,50.5903207
food,26.2281521,50.5912816
supermarket,26.228189,50.5915062
food,26.2282006,50.5916064
food,26.2282018,50.5916427
food,26.2282156,50.5917117
food,26.2282356,50.5917897
supermarket,26.2283175,50.5919932
food,26.2285562,50.5919389
supermarket,26.2287922,50.5918788
food,26.22896,50.5918421
food,26.2296756,50.5932816
food,26.2296898,50.5934801
food,26.2291706,50.5937035
food,26.2291858,50.5935525
food,26.2298622,50.5949396
food,26.2298712,50.5949998
food,26.2289811,50.5956528
food,26.2285819,50.5957174
food,26.2158559,50.4691763
healthcare,26.2076805,50.5676421
food,26.2278962,50.5961379
fitness,26.2274663,50.596524
food,26.2273857,50.5965565
food,26.2251046,50.596586
healthcare,26.2146421,50.4655398
food,26.2130313,50.4509182
food,26.2130054,50.450645
food,26.2291881,50.589573
healthcare,26.2291558,50.5895938
food,26.2278491,50.5900953
supermarket,26.2278789,50.5902977
healthcare,26.2006787,50.5604041
food,26.2008693,50.5605716
food,26.2022342,50.5623974
food,26.1213034,50.5678964
supermarket,26.1795467,50.4809516
food,26.1924482,50.487449
food,26.2209602,50.6066011
food,26.2068939,50.5501852
food,26.207851,50.5451871
food,26.1972636,50.544784
fitness,26.1973292,50.5449705
food,26.1866713,50.476902
supermarket,26.1961063,50.4844016
food,26.2274764,50.5369294
food,26.198448,50.4856569
food,26.1614674,50.5662008
supermarket,26.1615902,50.5661912
supermarket,26.1616665,50.5662572
supermarket,26.2001839,50.4984423
food,26.2003945,50.498358
food,26.2003267,50.4980759
food,26.2006596,50.4980869
food,26.1953342,50.4863421
food,26.1952058,50.4863867
food,26.1654348,50.5417998
supermarket,26.1932783,50.4869937
supermarket,26.2546674,50.6180538
food,26.2543778,50.6181559
fitness,26.2536689,50.618277
food,26.2522918,50.617934
supermarket,26.2522637,50.6179143
supermarket,26.2520752,50.6177912
food,26.2520221,50.6177552
supermarket,26.2519128,50.6175822
food,26.2615074,50.6112941
food,26.2618652,50.6131702
supermarket,26.2600408,50.6121565
supermarket,26.2600714,50.6121565
supermarket,26.2596648,50.6119049
supermarket,26.259097,50.611848
supermarket,26.2590103,50.6118466
supermarket,26.2582427,50.6117549
supermarket,26.2568427,50.6120993
supermarket,26.2571221,50.6123544
supermarket,26.2578845,50.6134028
supermarket,26.2575952,50.6150833
supermarket,26.2578423,50.6156085
food,26.2578586,50.6160042
supermarket,26.258256,50.616366
supermarket,26.186251,50.5305399
food,26.1861292,50.5299266
food,26.2584723,50.6162676
supermarket,26.2587619,50.6161506
food,26.2621628,50.6148271
supermarket,26.2622216,50.6148927
food,26.2623645,50.6149659
food,26.2626584,50.6150739
food,26.2631497,50.6165627
supermarket,26.2586509,50.6194869
food,26.2583456,50.6184547
supermarket,26.2582386,50.6180855
food,26.2581743,50.6176983
food,26.2580534,50.6174267
food,26.2580033,50.6172772
food,26.2579644,50.617164
food,26.2571902,50.6170299
healthcare,26.2561754,50.6171458
supermarket,26.2561288,50.6171635
food,26.2559601,50.6172759
food,26.2558328,50.6173693
food,26.2555206,50.6176194
supermarket,26.1761315,50.5244834
food,26.176139,50.5250743
food,26.1761418,50.5249043
food,26.1761395,50.5266067
supermarket,26.2522625,50.6180361
supermarket,26.2521156,50.6179351
supermarket,26.2539961,50.6184243
supermarket,26.2539055,50.6184342
food,26.2538021,50.6184484
fitness,26.2537396,50.618447
supermarket,26.1761548,50.5295857
supermarket,26.1761244,50.5318425
food,26.1865723,50.5298897
food,26.1771652,50.5346281
supermarket,26.1793256,50.5316079
food,26.1793237,50.5315577
supermarket,26.1792974,50.5307813
food,26.1792777,50.5291825
supermarket,26.1792768,50.5291229
supermarket,26.1823401,50.528577
food,26.1857169,50.5330588
supermarket,26.1849037,50.5331758
food,26.1624819,50.5551256
supermarket,26.1817098,50.5321997
food,26.1817122,50.5319082
supermarket,26.1816779,50.531128
supermarket,26.1821779,50.5298679
food,26.1821727,50.5286916
supermarket,26.2279571,50.5909134
supermarket,26.2279841,50.5910634
supermarket,26.2280732,50.5916672
supermarket,26.2281037,50.591759
food,26.2281293,50.5922588
food,26.2288267,50.5920572
food,26.2291878,50.5919344
food,26.2291553,50.591944
food,26.2293821,50.5918503
food,26.229368,50.5920351
supermarket,26.2290087,50.5933778
food,26.2290115,50.59334
fitness,26.2288613,50.5924625
food,26.1399025,50.5779632
food,26.1269756,50.5885909
food,26.1836585,50.5271402
food,26.1846799,50.5271406
supermarket,26.1846504,50.5271406
food,26.1814114,50.5230085
supermarket,26.1812922,50.523038
food,26.1812493,50.5230494
food,26.1806214,50.5231317
supermarket,26.1795081,50.5236512
food,26.1793563,50.5239556
food,26.179431,50.5237791
supermarket,26.1793674,50.5247062
food,26.1794382,50.5254349
food,26.1794267,50.52528
food,26.17943,50.5253872
supermarket,26.1868143,50.5308846
food,26.2514394,50.6169546
food,26.2512691,50.6167449
supermarket,26.2504777,50.6159635
food,26.2491866,50.6167531
food,26.2501013,50.6154121
supermarket,26.2515573,50.6144306
food,26.1700141,50.5405867
food,26.1698547,50.540599
food,26.2528461,50.6139895
supermarket,26.2550158,50.6136295
food,26.2563245,50.6132197
food,26.2566479,50.6131952
supermarket,26.2567681,50.613232
supermarket,26.1859506,50.5344658
healthcare,26.1961649,50.4864575
supermarket,26.2580458,50.6137769
supermarket,26.2585943,50.6143106
food,26.2586678,50.6142971
supermarket,26.2588954,50.614543
food,26.2589397,50.61511
food,26.2589397,50.6151683
food,26.2589518,50.6152458
supermarket,26.2515969,50.6173036
food,26.2488852,50.6166238
supermarket,26.2498421,50.6153884
food,26.2501603,50.6152023
food,26.2503736,50.6150529
healthcare,26.2511289,50.6145043
fitness,26.2515459,50.6142389
supermarket,26.2517897,50.6141163
food,26.2524644,50.6138692
food,26.2278436,50.5933347
supermarket,26.1976356,50.4860608
food,26.1959141,50.4865378
food,26.1955347,50.4865672
supermarket,26.1950617,50.4867866
supermarket,26.1946551,50.4869447
supermarket,26.1934271,50.487081
supermarket,26.2165515,50.4468188
healthcare,26.2165202,50.4468093
food,26.2164335,50.4468014
food,26.2167956,50.4502985
supermarket,26.2221983,50.5910338
food,26.2267775,50.5963104
food,26.226367,50.5962985
food,26.2261663,50.5963029
fitness,26.2258473,50.5963263
supermarket,26.2250579,50.5963596
food,26.2170713,50.4503721
food,26.2235681,50.5373099
supermarket,26.2247931,50.5368599
supermarket,26.2223293,50.5904726
food,26.2209617,50.5402332
food,26.221012,50.5400176
food,26.2211227,50.5396561
supermarket,26.2257472,50.5946366
food,26.2173612,50.5906832
food,26.2257586,50.5926857
food,26.2258322,50.5926737
supermarket,26.2259507,50.592639
food,26.2261162,50.5926052
supermarket,26.2261549,50.5925942
food,26.2263265,50.5925688
supermarket,26.2266601,50.5924833
food,26.2269848,50.5922153
fitness,26.2175506,50.60748
supermarket,26.2266091,50.5914277
food,26.2265349,50.5914384
supermarket,26.2267317,50.5898243
supermarket,26.2260318,50.5887854
supermarket,26.2255512,50.5888102
food,26.2243073,50.5887242
supermarket,26.2243,50.5887514
healthcare,26.2243812,50.5894156
food,26.2173535,50.6086675
food,26.2021929,50.5968892
fitness,26.2029815,50.597127
supermarket,26.2263042,50.5959598
food,26.2263522,50.5959543
food,26.2264799,50.5957403
food,26.2263684,50.5956168
food,26.2260719,50.5950377
food,26.2258836,50.5942515
food,26.2258739,50.5941478
food,26.2258333,50.5939188
food,26.2258033,50.5937256
food,26.2257894,50.5936576
fitness,26.2031094,50.5970606
food,26.225154,50.5437611
food,26.2251548,50.5437352
supermarket,26.2022184,50.597392
healthcare,26.2025985,50.5960004
healthcare,26.2026832,50.5960319
supermarket,26.2266807,50.5926196
supermarket,26.2270133,50.5925252
food,26.2271781,50.5919427
food,26.2027432,50.5947009
supermarket,26.2024226,50.5947456
food,26.2022263,50.5947918
supermarket,26.2020011,50.5949889
supermarket,26.2270431,50.5911332
supermarket,26.2270339,50.5910788
food,26.226654,50.5900903
supermarket,26.2269528,50.5902679
food,26.2268137,50.5890391
food,26.2268171,50.5889981
food,26.2268079,50.5889365
supermarket,26.2267976,50.5888622
food,26.2267964,50.5888139
food,26.2267972,50.5887795
supermarket,26.2013847,50.595662
food,26.2355588,50.6554858
food,26.2355997,50.655488
food,26.2117184,50.4506407
supermarket,26.2117243,50.4507576
food,26.2117322,50.4508149
food,26.2117411,50.4508822
food,26.2117451,50.4509538
food,26.2117589,50.4510553
food,26.236702,50.6554887
food,26.2379608,50.6554336
food,26.2181396,50.5040326
healthcare,26.2202645,50.5015297
food,26.2393008,50.6554532
fitness,26.206195,50.4576062
food,26.2060924,50.4576633
food,26.2453256,50.6523038
food,26.2018756,50.5988417
supermarket,26.2025563,50.5945677
supermarket,26.2015845,50.5954633
food,26.2013554,50.5951258
food,26.2135576,50.5041355
food,26.2265699,50.5886692
food,26.2262016,50.588666
supermarket,26.2256415,50.5886627
supermarket,26.2253962,50.5886782
food,26.2242174,50.5892027
supermarket,26.1931011,50.4609202
food,26.2114619,50.504266
food,26.2121891,50.5040088
supermarket,26.2124075,50.5039314
food,26.2004505,50.5940284
supermarket,26.225599,50.5923066
food,26.2256158,50.592375
supermarket,26.2256201,50.5924083
food,26.2256231,50.5924393
food,26.2256435,50.5926558
food,26.2256545,50.59269
food,26.2256965,50.5902574
food,26.2387593,50.6511183
food,26.2153109,50.5125724
supermarket,26.2150508,50.512479
food,26.2136864,50.5125724
food,26.2009236,50.5921614
food,26.2018354,50.5916326
supermarket,26.2019926,50.591576
food,26.2020828,50.5915378
food,26.2023836,50.5914002
food,26.2054338,50.5961188
food,26.2259164,50.5901086
supermarket,26.2259654,50.5901006
food,26.2255765,50.5894769
supermarket,26.225623,50.5902573
food,26.2256495,50.5910526
food,26.2253447,50.5911237
supermarket,26.2249863,50.5911931
supermarket,26.2147583,50.5125455
food,26.2173224,50.5175451
food,26.2169191,50.5177229
food,26.216852,50.5177414
supermarket,26.2167832,50.5179611
food,26.2046681,50.5964574
fitness,26.2042837,50.5962888
food,26.2043856,50.5962374
food,26.2136546,50.512418
food,26.2046774,50.5960258
supermarket,26.2055346,50.5963917
supermarket,26.2059337,50.5975144
food,26.2254036,50.5917265
food,26.2254102,50.591748
supermarket,26.2254258,50.5918871
food,26.2254897,50.5922447
supermarket,26.2260049,50.5902076
supermarket,26.226225,50.5901747
food,26.2358519,50.5902195
supermarket,26.234082,50.5911878
food,26.2340339,50.5911509
food,26.2339659,50.5909685
food,26.2338622,50.5908116
food,26.2322461,50.5908213
food,26.2359287,50.5899483
food,26.2358631,50.5899838
food,26.2350194,50.5905741
food,26.2042118,50.5993224
supermarket,26.2039747,50.5993678
supermarket,26.2008455,50.5925947
food,26.2009719,50.5924447
food,26.2012759,50.5922797
food,26.1229941,50.5864743
fitness,26.1226172,50.585886
supermarket,26.1225054,50.5855638
supermarket,26.1223611,50.5851734
supermarket,26.2013826,50.592229
food,26.2049328,50.5943378
supermarket,26.2292147,50.5892344
food,26.2292726,50.5899506
supermarket,26.2292906,50.5900498
food,26.229313,50.5904964
supermarket,26.2294967,50.5943097
food,26.2054322,50.5957274
food,26.2053716,50.5965698
supermarket,26.2053886,50.5966189
food,26.2054372,50.5967822
supermarket,26.2294209,50.5899224
food,26.2294281,50.5901377
food,26.229476,50.5904515
food,26.2294904,50.5906765
food,26.229497,50.5907791
healthcare,26.1204604,50.579987
supermarket,26.1205855,50.579892
food,26.1251385,50.579005
food,26.1253289,50.5789712
food,26.1261498,50.5788445
food,26.2243813,50.5968082
supermarket,26.2545016,50.6134605
food,26.2552091,50.6134422
supermarket,26.2552817,50.6134346
supermarket,26.2554733,50.6133912
food,26.2555407,50.6133695
supermarket,26.2566283,50.612968
supermarket,26.2610719,50.6127054
food,26.2607172,50.6110226
supermarket,26.2606166,50.6105715
supermarket,26.260537,50.6101279
food,26.260514,50.6099825
supermarket,26.260476,50.6097316
food,26.2608897,50.6126876
supermarket,26.2612519,50.6145368
healthcare,26.2610548,50.6134751
food,26.2606681,50.6112629
supermarket,26.2605975,50.6110666
food,26.2605598,50.6108189
supermarket,26.2605357,50.6106107
food,26.2603963,50.6099187
food,26.2603902,50.6098639
food,26.2474256,50.6141364
supermarket,26.2472789,50.6138688
food,26.246913,50.6130124
food,26.2468187,50.6128758
food,26.2465635,50.6124835
food,26.2462086,50.6119142
food,26.2459336,50.6113918
food,26.2459139,50.6112667
food,26.2502308,50.6081805
food,26.2469955,50.6099091
food,26.2471115,50.6097716
food,26.2471571,50.60974
food,26.2471941,50.609707
food,26.247342,50.6095558
food,26.2493185,50.6085376
supermarket,26.249384,50.6085199
supermarket,26.2475556,50.6145327
food,26.2464366,50.6125386
food,26.2462607,50.6123259
supermarket,26.1377604,50.5700611
food,26.137826,50.5701141
food,26.1379205,50.5702089
healthcare,26.1727368,50.5498538
fitness,26.1992476,50.5934592
food,26.2127842,50.5779428
food,26.2127126,50.5773758
food,26.2126487,50.5771251
food,26.2126283,50.577014
food,26.2109152,50.5759899
fitness,26.2117872,50.5785597
food,26.2104863,50.5753554
healthcare,26.211753,50.5760916
food,26.2079884,50.5760044
supermarket,26.2539031,50.6124297
food,26.2539944,50.6141607
food,26.2560883,50.6168614
supermarket,26.2560674,50.6168091
food,26.2559091,50.6165361
food,26.2546469,50.6155392
food,26.254569,50.6154501
food,26.2503999,50.6187487
food,26.2506206,50.6188137
food,26.2509667,50.6189534
supermarket,26.2516043,50.619163
supermarket,26.2537546,50.6197398
healthcare,26.2554552,50.619912
supermarket,26.2578715,50.6188968
food,26.2579243,50.6188742
healthcare,26.2615673,50.6183712
food,26.2617217,50.6181703
supermarket,26.2617541,50.6181384
food,26.2580037,50.618792
food,26.2600271,50.6196435
food,26.2614709,50.6184803
supermarket,26.2614943,50.6184533
food,26.2617722,50.6181245
food,26.2617865,50.618099
food,26.2618666,50.617997
food,26.2618924,50.617964
supermarket,26.25154,50.6189604
food,26.2526603,50.6192292
supermarket,26.2167842,50.5686338
food,26.2168234,50.5687801
food,26.2168548,50.5689689
food,26.2169985,50.5692703
food,26.2171308,50.5694817
supermarket,26.2147876,50.5686509
healthcare,26.2165304,50.5681184
healthcare,26.2163831,50.5681509
supermarket,26.2352802,50.5903399
supermarket,26.257033,50.6190436
food,26.2578756,50.6186801
healthcare,26.2611855,50.6182852
healthcare,26.2614843,50.6181088
food,26.2618864,50.6175086
supermarket,26.2619505,50.6174913
supermarket,26.2504231,50.6082452
supermarket,26.2514658,50.6123796
food,26.2519823,50.6135283
supermarket,26.2507761,50.6087937
healthcare,26.2507897,50.6089413
supermarket,26.2508078,50.6091721
food,26.2514818,50.6117454
food,26.2521757,50.6136219
food,26.262538,50.6174307
supermarket,26.2238483,50.5718792
food,26.226813,50.572073
food,26.2268827,50.5720933
food,26.2271656,50.5723134
food,26.2277124,50.5727095
food,26.227903,50.5729514
food,26.2288713,50.5748661
food,26.229022,50.575151
food,26.2299103,50.5767648
supermarket,26.2290328,50.5761464
food,26.2290817,50.5762291
food,26.0508392,50.4876164
supermarket,26.0507093,50.4876495
supermarket,26.0465371,50.4882669
food,26.0466358,50.4882688
supermarket,26.228524,50.5738452
food,26.2282527,50.5732516
food,26.2280366,50.5728186
food,26.2279364,50.5726404
supermarket,26.047715,50.4882752
healthcare,26.0478567,50.4882737
supermarket,26.0485997,50.4882954
supermarket,26.0491044,50.4882302
supermarket,26.0491497,50.4882277
food,26.0491892,50.4882261
supermarket,26.0488571,50.4883319
food,26.0488044,50.488336
food,26.047132,50.4883072
food,26.0469452,50.4882683
supermarket,26.0468994,50.4882683
food,26.2287656,50.5716377
food,26.2293443,50.5715464
food,26.2295003,50.5715043
food,26.2295487,50.5714812
supermarket,26.2297727,50.5713937
supermarket,26.0500003,50.4878905
food,26.0501832,50.4878537
supermarket,26.2254653,50.5896984
supermarket,26.2255131,50.5900531
food,26.1888462,50.4654213
food,26.2184622,50.5872099
food,26.2141428,50.590359
healthcare,26.1387914,50.5774703
supermarket,26.2312306,50.5661513
food,26.2302038,50.5637598
supermarket,26.2285895,50.5692507
food,26.2285468,50.5692693
fitness,26.2136964,50.5901203
food,26.2135542,50.5901712
food,26.1236432,50.5872836
food,26.1236277,50.5872432
food,26.1234377,50.5868913
supermarket,26.2271202,50.5696981
food,26.2181108,50.519886
food,26.2186085,50.5148795
food,26.2186822,50.5146871
healthcare,26.2189804,50.5136884
food,26.1220966,50.5797334
food,26.1233532,50.5795595
food,26.2186209,50.567969
food,26.2186209,50.5678899
food,26.1257454,50.579151
food,26.1260575,50.5791073
food,26.1268472,50.57898
supermarket,26.0833393,50.4923711
supermarket,26.0849373,50.4916394
supermarket,26.2761485,50.5970464
supermarket,26.2851707,50.6269351
food,26.233797,50.5959619
food,26.2863625,50.6270332
food,26.2864259,50.6270267
food,26.2864887,50.627041
supermarket,26.2865665,50.6270346
supermarket,26.1490765,50.6196328
food,26.1519948,50.6202267
healthcare,26.0925975,50.4886587
food,26.0933403,50.48783
food,26.153463,50.6204869
supermarket,26.153637,50.6204554
supermarket,26.2303092,50.5955426
supermarket,26.2358323,50.5926642
food,26.2347718,50.5934471
supermarket,26.2303417,50.5952342
supermarket,26.2300367,50.5952382
food,26.1616828,50.6161183
supermarket,26.1623966,50.6160517
food,26.2275488,50.5723906
food,26.2324731,50.5952677
supermarket,26.2316066,50.5954367
food,26.2311014,50.5954849
food,26.1650085,50.6114915
supermarket,26.1650296,50.6115729
supermarket,26.165021,50.6108609
food,26.1650058,50.6105815
food,26.1649848,50.6103482
food,26.1593432,50.5195349
food,26.1649761,50.6100115
supermarket,26.1649818,50.6099115
food,26.1649703,50.6096834
food,26.1649041,50.609135
food,26.2664942,50.615994
food,26.2670237,50.6158859
supermarket,26.2293731,50.5764007
food,26.2292003,50.5764002
supermarket,26.2290445,50.5764016
food,26.2288451,50.5763941
supermarket,26.1648844,50.6085664
supermarket,26.227266,50.5765256
supermarket,26.22053,50.5734574
food,26.2275335,50.5748319
supermarket,26.1587889,50.5176108
food,26.2283711,50.5744903
supermarket,26.2276316,50.5723444
supermarket,26.1578775,50.5147959
food,26.164816,50.6076135
food,26.1647836,50.6072547
food,26.1647692,50.6067713
healthcare,26.164746,50.6065209
food,26.1671199,50.608003
food,26.1544789,50.6205116
food,26.1638951,50.6159946
food,26.164015,50.6159117
supermarket,26.1653773,50.6113725
food,26.1654216,50.611504
food,26.1652967,50.6091434
food,26.1652936,50.609091
food,26.1651528,50.6072314
supermarket,26.1669543,50.6077666
food,26.2299028,50.571127
healthcare,26.1337995,50.5537556
healthcare,26.2429385,50.6512203
food,26.0952444,50.4866674
food,26.0953288,50.4866378
food,26.0945309,50.4868846
food,26.0948172,50.4867935
food,26.0948562,50.4867798
supermarket,26.0948919,50.4867697
food,26.0950074,50.4867328
food,26.1326647,50.5546518
food,26.1326446,50.5547335
food,26.1326356,50.5547875
supermarket,26.0965913,50.4862272
supermarket,26.097909,50.4858662
supermarket,26.0981599,50.4857905
food,26.0985941,50.4856022
food,26.098777,50.4855271
food,26.0988946,50.48547
food,26.1027651,50.4835462
food,26.102997,50.4834531
fitness,26.1742973,50.6038713
food,26.174143,50.6035841
food,26.1334248,50.5579287
food,26.1334378,50.5579668
food,26.1334507,50.5580023
food,26.1334944,50.5581013
food,26.1335218,50.5582821
supermarket,26.1454803,50.4966248
food,26.1454641,50.4964036
supermarket,26.1337043,50.5589568
food,26.1337197,50.5589991
food,26.1337586,50.5591211
food,26.1337463,50.5590785
food,26.1337684,50.5591657
supermarket,26.1037328,50.4831853
food,26.1038459,50.483144
food,26.1040783,50.4830586
food,26.176349,50.6098018
supermarket,26.1762661,50.6098
food,26.176231,50.6097982
food,26.176204,50.6098071
supermarket,26.1703877,50.6120356
supermarket,26.170327,50.6120508
food,26.1702742,50.6120639
food,26.1702546,50.6120639
food,26.1580962,50.5144249
food,26.1342534,50.5535616
fitness,26.168094,50.6121022
supermarket,26.1681126,50.6121389
supermarket,26.2533023,50.6439803
food,26.1561931,50.512116
supermarket,26.1741155,50.609823
food,26.1740516,50.6098977
supermarket,26.1731881,50.6104187
food,26.1730945,50.6104795
food,26.1704548,50.611762
supermarket,26.1703402,50.6117644
food,26.1701456,50.6117921
supermarket,26.1675813,50.612268
supermarket,26.1642325,50.6145307
food,26.1641363,50.6145601
food,26.1631712,50.6147858
food,26.1467281,50.5006672
supermarket,26.1628379,50.6148572
food,26.1621219,50.6150177
food,26.1616308,50.6158661
supermarket,26.1612853,50.6160206
supermarket,26.1670715,50.6148686
food,26.1643108,50.6141529
food,26.1642297,50.6141854
supermarket,26.163964,50.614279
food,26.1632956,50.614525
supermarket,26.1633423,50.6145146
food,26.1624273,50.6147333
supermarket,26.1615447,50.6155529
food,26.1610965,50.6157635
supermarket,26.1337617,50.5534463
food,26.1195444,50.4781796
food,26.1191213,50.4783605
food,26.2205768,50.5734365
food,26.2223834,50.5727429
food,26.1169425,50.4799549
food,26.1160059,50.4807144
food,26.1321883,50.6004054
supermarket,26.1330628,50.5532911
food,26.132423,50.5549198
food,26.1323828,50.5550575
supermarket,26.135095,50.5989704
supermarket,26.1433757,50.6010618
supermarket,26.1419394,50.6029693
food,26.1407902,50.6011696
food,26.1323873,50.5551342
food,26.2267688,50.5792713
supermarket,26.2274253,50.5948669
food,26.2273225,50.5940796
food,26.2271456,50.5929323
fitness,26.2268557,50.5909046
food,26.2265824,50.588545
supermarket,26.2265788,50.5884705
food,26.2263797,50.5877242
food,26.2274555,50.5941806
supermarket,26.2274489,50.5940847
food,26.2274374,50.594015
food,26.2270401,50.590965
supermarket,26.2274904,50.580276
food,26.2277865,50.5815246
food,26.227849,50.5824444
food,26.2277801,50.5824426
food,26.2276911,50.5824741
food,26.2276028,50.5825063
food,26.2275334,50.5825313
supermarket,26.1330435,50.5574855
food,26.1331188,50.5576745
supermarket,26.1332148,50.5579213
food,26.2265338,50.586805
fitness,26.2265086,50.5866655
food,26.2264485,50.5862077
supermarket,26.2259315,50.58607
food,26.2257102,50.5861002
food,26.1336913,50.5604649
food,26.1336464,50.5603402
food,26.223937,50.5836479
food,26.2245912,50.5834088
supermarket,26.2247343,50.5833733
food,26.225116,50.5832402
fitness,26.094761,50.4870563
food,26.096354,50.4865351
supermarket,26.0966975,50.4864213
supermarket,26.0966105,50.4864544
supermarket,26.0972591,50.4862591
food,26.0978559,50.486125
supermarket,26.1054667,50.4831504
food,26.1152559,50.4820541
food,26.1157178,50.4814353
supermarket,26.1158084,50.481187
supermarket,26.1283107,50.4782168
food,26.1290547,50.4786976
food,26.1292516,50.4788334
supermarket,26.1294081,50.4789265
food,26.1296618,50.4791082
food,26.1235532,50.4774538
supermarket,26.1259848,50.477278
food,26.2702224,50.6091778
supermarket,26.2698357,50.6090833
food,26.2693288,50.6089725
supermarket,26.2685077,50.6087465
supermarket,26.2359715,50.5847168
food,26.2681332,50.6086947
food,26.2680035,50.6085976
food,26.1375959,50.6081212
food,26.2659095,50.6082975
food,26.2652846,50.6087013
healthcare,26.2647164,50.6090255
food,26.2646294,50.6090163
food,26.2645604,50.609024
food,26.2643727,50.609284
food,26.1323097,50.6011131
food,26.1334573,50.6000638
food,26.2633957,50.6097318
food,26.2631583,50.6098226
food,26.2823165,50.6335011
food,26.2821898,50.6332601
supermarket,26.2821015,50.6331655
food,26.2648644,50.6077479
food,26.1342892,50.5996488
food,26.1343248,50.5996255
food,26.134909,50.5992791
supermarket,26.1363586,50.5988784
supermarket,26.1365156,50.5985604
supermarket,26.140982,50.597835
supermarket,26.1412858,50.5982795
food,26.141311,50.5983082
supermarket,26.2666476,50.6074376
food,26.2667091,50.6074058
food,26.2667751,50.6073891
supermarket,26.2681083,50.6060611
food,26.127134,50.5453567
food,26.2807988,50.6331085
food,26.2807063,50.6331618
supermarket,26.2705668,50.6064505
food,26.2715944,50.6080115
food,26.2721782,50.6081101
supermarket,26.1434467,50.6022531
supermarket,26.1432353,50.6023631
food,26.1432183,50.6023769
food,26.1431411,50.6024216
supermarket,26.142942,50.6025093
supermarket,26.1429126,50.6025282
food,26.1273923,50.5438905
food,26.2314967,50.5854154
food,26.1413799,50.6015664
food,26.2721264,50.6074738
food,26.2719903,50.6057597
food,26.2718934,50.6046883
supermarket,26.1272968,50.5464016
supermarket,26.1272953,50.5464925
supermarket,26.1275903,50.5437344
healthcare,26.1276285,50.5435455
food,26.127818,50.5417373
supermarket,26.1278035,50.542113
food,26.2695969,50.6091955
supermarket,26.2691989,50.6091176
supermarket,26.2689257,50.6090454
supermarket,26.2684311,50.6089312
food,26.270902,50.6095399
food,26.270796,50.6095487
food,26.2699987,50.6093067
food,26.269945,50.6092966
supermarket,26.269854,50.6092729
food,26.1412065,50.6039653
food,26.1410139,50.6040612
food,26.1409865,50.6040794
supermarket,26.140928,50.6041199
food,26.1406624,50.6043154
supermarket,26.1406028,50.6043558
food,26.2683493,50.6089009
food,26.129701,50.5408996
food,26.1300563,50.5408797
food,26.1393018,50.6053749
food,26.1391183,50.6054734
supermarket,26.2644467,50.6076148
food,26.2644959,50.6076089
supermarket,26.2660772,50.6074036
food,26.2661809,50.6073795
food,26.1341803,50.6131153
supermarket,26.1347203,50.6127767
food,26.2274411,50.5809251
food,26.1349978,50.6126208
food,26.1358202,50.6120963
food,26.135903,50.6120532
supermarket,26.1360167,50.6119633
food,26.130215,50.5555985
food,26.2263564,50.5868897
supermarket,26.2261797,50.586194
food,26.2261154,50.5861987
food,26.2260391,50.586212
food,26.2256453,50.586321
food,26.2255954,50.5863291
supermarket,26.2254438,50.5863505
food,26.2231899,50.5847291
supermarket,26.2231322,50.5843174
supermarket,26.2675408,50.6059564
food,26.2719376,50.6075796
food,26.1403021,50.6042428
food,26.1402069,50.6042998
food,26.1399724,50.6044447
supermarket,26.1399109,50.604488
supermarket,26.1392862,50.6049421
supermarket,26.1392503,50.6049683
food,26.2716001,50.6047343
supermarket,26.2718551,50.6073061
food,26.2718177,50.6069394
food,26.2262527,50.5846605
food,26.2262591,50.5847272
food,26.2262741,50.5848679
food,26.2262805,50.584918
supermarket,26.2262943,50.5850241
supermarket,26.2264123,50.5858206
food,26.2261508,50.5862011
supermarket,26.2268927,50.5835314
food,26.2269292,50.5839205
supermarket,26.2269463,50.5839978
food,26.2268155,50.5840478
food,26.2267588,50.584064
supermarket,26.2260638,50.5851672
food,26.2247351,50.584242
food,26.2279377,50.5830448
food,26.2280941,50.5835236
food,26.228123,50.5836684
food,26.2283359,50.5846367
food,26.228372,50.584807
food,26.2285422,50.5853676
food,26.2285164,50.5854782
food,26.2281412,50.5830002
food,26.2281797,50.583143
food,26.2282158,50.5832631
food,26.2282531,50.583363
food,26.2283896,50.5840925
food,26.2284107,50.5841864
supermarket,26.2284889,50.5845204
food,26.2285445,50.5847416
food,26.2285849,50.5849361
supermarket,26.2286343,50.5851721
supermarket,26.1342686,50.6132615
food,26.1344929,50.6131807
food,26.1350177,50.6128729
supermarket,26.1362901,50.6120474
supermarket,26.1444014,50.608271
food,26.1378866,50.6107131
food,26.1275619,50.5959787
supermarket,26.2313559,50.5862128
supermarket,26.2319222,50.5857762
food,26.2319557,50.5857762
supermarket,26.2324784,50.5860176
supermarket,26.2333338,50.5858084
supermarket,26.233531,50.5862134
supermarket,26.2350883,50.585337
food,26.235125,50.585449
supermarket,26.2353162,50.5861135
food,26.2353692,50.5863335
supermarket,26.2348826,50.5866707
supermarket,26.2346363,50.5868337
food,26.2341587,50.5870992
food,26.2339446,50.5872072
food,26.2327726,50.5874104
supermarket,26.2327449,50.5874131
food,26.2326565,50.5874271
supermarket,26.2315059,50.5869331
food,26.231487,50.5862545
food,26.2314864,50.5862317
supermarket,26.2314858,50.5862002
supermarket,26.2315985,50.5858924
supermarket,26.2323687,50.5859373
supermarket,26.1673558,50.4563952
food,26.2350653,50.5847569
food,26.2746516,50.6102463
food,26.2745605,50.6100543
food,26.274526,50.609973
supermarket,26.2343804,50.5851594
food,26.2715822,50.6045303
supermarket,26.1454513,50.4908711
food,26.1458804,50.4903333
food,26.1459931,50.4902058
food,26.1465613,50.4895782
food,26.1472015,50.4889184
food,26.1471226,50.4890153
fitness,26.1476099,50.4884623
food,26.1489897,50.4869557
food,26.1490314,50.486915
food,26.1490935,50.4868344
supermarket,26.2506599,50.6097292
supermarket,26.2489963,50.610223
food,26.2489266,50.6102707
food,26.2485843,50.6104452
supermarket,26.2485137,50.6112283
supermarket,26.2483096,50.6114399
food,26.2482836,50.6114668
supermarket,26.1574231,50.5202989
food,26.247012,50.6125656
supermarket,26.246976,50.612607
supermarket,26.2442498,50.6152789
food,26.2444054,50.6154817
food,26.2445766,50.6157109
supermarket,26.2447571,50.6158839
food,26.2449003,50.6160849
food,26.244945,50.616149
food,26.0587268,50.617174
food,26.2479629,50.6173993
supermarket,26.2480352,50.6173355
food,26.2486411,50.6166463
supermarket,26.2487461,50.6165695
supermarket,26.0576154,50.6176408
supermarket,26.0588517,50.6175199
healthcare,26.1380122,50.5663871
food,26.1378976,50.5665663
food,26.1377897,50.5667184
food,26.1377588,50.5667602
food,26.1376134,50.5669737
fitness,26.1646364,50.4700671
food,26.1654979,50.4691456
fitness,26.1653608,50.4692984
food,26.1652693,50.4693866
food,26.2489819,50.6103825
food,26.248788,50.6105096
food,26.2485932,50.6106432
supermarket,26.2484442,50.6107898
food,26.2484988,50.6108582
food,26.2486127,50.6111199
supermarket,26.248667,50.6112143
food,26.1972421,50.4772987
supermarket,26.2474364,50.612345
supermarket,26.2455137,50.6126719
food,26.2444181,50.615267
food,26.2445008,50.6153814
food,26.2446761,50.6156223
food,26.2449021,50.6159359
food,26.1671336,50.4674113
supermarket,26.1673265,50.4671534
food,26.1684091,50.4660205
food,26.1676471,50.4668177
food,26.1680546,50.4663981
food,26.2683785,50.6553298
supermarket,26.2686204,50.655955
supermarket,26.2464621,50.6179094
supermarket,26.2479562,50.6169961
food,26.2480791,50.6169168
supermarket,26.2482307,50.6168045
supermarket,26.2703105,50.6563204
supermarket,26.2709406,50.6557112
healthcare,26.2708884,50.655565
healthcare,26.2708741,50.6554554
supermarket,26.2705703,50.6538294
food,26.0935806,50.4878461
supermarket,26.1035736,50.4975362
food,26.2704357,50.65214
food,26.2704377,50.6520806
supermarket,26.2704196,50.6519428
supermarket,26.272172,50.6512856
food,26.2722159,50.6512841
food,26.2723388,50.6512796
supermarket,26.2725464,50.6507558
food,26.2726085,50.6507573
food,26.2727539,50.6506793
supermarket,26.2727806,50.6505486
supermarket,26.1633399,50.4725038
healthcare,26.1632483,50.4726141
food,26.1618275,50.5227344
supermarket,26.2418268,50.6548903
food,26.2418356,50.65485
food,26.2728235,50.6498571
food,26.2728222,50.6497902
supermarket,26.2728199,50.6497418
food,26.2728185,50.6496551
supermarket,26.2728936,50.6491744
food,26.274553,50.647526
supermarket,26.2745603,50.6473636
supermarket,26.2746314,50.6464847
supermarket,26.2746087,50.6449255
food,26.2380338,50.6552492
healthcare,26.1402043,50.498548
supermarket,26.2397078,50.6552667
food,26.2397763,50.6552618
food,26.2399029,50.6552631
supermarket,26.268397,50.6533523
healthcare,26.268431,50.6535265
food,26.2684555,50.6536946
food,26.2684609,50.6537446
food,26.2684772,50.653837
food,26.2685084,50.6546717
supermarket,26.2685342,50.6547565
supermarket,26.2510409,50.6446486
supermarket,26.2704253,50.6540622
food,26.1430453,50.4968311
food,26.1430743,50.4969847
food,26.1430236,50.4972203
food,26.1429686,50.4974577
food,26.1431719,50.496589
healthcare,26.1436981,50.4934601
food,26.132687,50.5522933
food,26.1326945,50.5523877
food,26.1326658,50.5528652
food,26.1325898,50.5529097
food,26.1314469,50.553483
food,26.1312861,50.5535635
food,26.131159,50.5536274
food,26.1307364,50.5538481
supermarket,26.1306056,50.5539189
food,26.2706873,50.6513796
food,26.2710826,50.6513117
food,26.272519,50.6504611
food,26.2726266,50.6504047
healthcare,26.1303738,50.5540258
food,26.1328534,50.5523663
supermarket,26.2726491,50.6497171
food,26.2726411,50.6493616
food,26.2727176,50.6489267
supermarket,26.2729657,50.6484583
food,26.1320509,50.5534339
supermarket,26.1301341,50.5544215
food,26.2743996,50.648285
supermarket,26.2743879,50.6480473
supermarket,26.2745225,50.6456199
food,26.2745463,50.6455659
food,26.2745243,50.6454578
supermarket,26.2727327,50.6481272
food,26.1356038,50.5553727
food,26.1347859,50.546296
supermarket,25.9996181,50.6176984
food,25.9978904,50.6175118
food,26.1307893,50.556913
supermarket,25.9976188,50.6171042
food,25.9975734,50.6171012
food,26.1270591,50.5752757
food,26.1271025,50.5753751
food,26.1271929,50.5756534
healthcare,26.1272643,50.576018
food,26.1273079,50.5761404
food,26.1270239,50.5751002
supermarket,26.1269453,50.5749391
supermarket,26.1377189,50.5660374
supermarket,26.1268532,50.5746602
fitness,26.1353519,50.5563216
food,26.1314508,50.5586112
food,26.131592,50.5589416
food,26.1316326,50.55905
food,26.131883,50.5596621
healthcare,26.1353549,50.5559061
food,26.134844,50.552682
food,26.1348293,50.5525945
food,26.1322719,50.5605908
food,26.1323301,50.5607327
food,26.1346086,50.5507031
food,26.1345798,50.5503879
food,26.1346008,50.5504512
food,26.1346078,50.5505325
food,26.2306403,50.5814666
food,26.2326105,50.5821756
food,26.232688,50.5823229
food,26.2328998,50.5827001
supermarket,26.12671,50.5742337
supermarket,26.1266938,50.5741852
healthcare,26.1262239,50.5728966
supermarket,26.1261877,50.5726892
food,26.2352803,50.5858282
supermarket,26.2354698,50.5862969
food,26.2344444,50.5830395
supermarket,26.2350154,50.5829645
healthcare,26.2285327,50.5821589
supermarket,26.2354048,50.5865699
food,26.2345778,50.5870342
food,26.2342055,50.58723
supermarket,26.2340966,50.587289
supermarket,26.2338572,50.5874211
food,26.2337874,50.5874325
food,26.2334127,50.5875056
supermarket,26.2332133,50.587528
supermarket,26.2330449,50.5875448
supermarket,26.2324139,50.5875938
food,26.2323358,50.5876125
food,26.2319003,50.5876917
supermarket,26.2318425,50.5876997
food,26.2317252,50.5877413
supermarket,26.2316531,50.5877601
food,26.2314179,50.5876246
food,26.2305709,50.5817954
food,26.1258304,50.5718568
supermarket,26.1258051,50.5717666
food,26.125744,50.5715342
food,26.2346614,50.5848338
supermarket,26.2352075,50.5855346
supermarket,26.1303712,50.5566244
fitness,26.2328864,50.5830981
supermarket,26.1254567,50.5707102
food,26.1253892,50.5705811
food,26.1253529,50.5705216
supermarket,26.1251732,50.5699386
healthcare,26.1244994,50.5681735
food,26.1247305,50.5687188
food,26.1246321,50.5677693
supermarket,26.1252883,50.5674955
supermarket,26.1296943,50.5654283
food,26.1293866,50.5656412
food,26.1310035,50.5581892
healthcare,26.1311745,50.5585675
food,26.1317042,50.5599834
healthcare,26.1320976,50.5586851
supermarket,26.1124814,50.4820354
food,26.2360713,50.5899478
food,26.244979,50.654214
supermarket,26.2868301,50.6254448
food,26.3079537,50.1696739
food,26.3041968,50.168121
food,26.3052533,50.167324
food,26.3074821,50.1688589
food,26.3074594,50.168672
food,26.3041059,50.170658
food,26.3041868,50.1704096
food,26.3047223,50.1701647
food,26.3047713,50.1701081
food,26.3048666,50.1699026
food,26.3048741,50.1697474
food,26.3048143,50.1695962
food,26.3047246,50.1694727
food,26.3044861,50.1693987
food,26.3044273,50.1694132
food,26.3043227,50.1694839
food,26.3042895,50.1695421
food,26.3042141,50.1698551
food,26.3045151,50.1704068
food,26.3046133,50.1702666
food,26.3048151,50.1700477
food,26.3048443,50.1699787
food,26.3048817,50.1698211
food,26.3048487,50.1696755
food,26.3046157,50.1693974
food,26.3045489,50.1693913
food,26.3043731,50.1694457
food,26.3042415,50.1696604
food,26.3046713,50.1702159
food,26.3047745,50.1695312
food,26.3042192,50.1697928
food,26.3042119,50.1699161
food,26.3042584,50.1695985
food,26.3042223,50.1697243
healthcare,26.1862788,50.3182385
food,26.2874932,50.6639833
food,26.288343,50.6643986
food,26.2879849,50.6642013
food,26.2321864,50.5362188
food,26.2321882,50.5363571
food,26.290276,50.6637306
food,26.2889446,50.6647034
food,26.2321274,50.5361291
food,26.2872612,50.6638614
food,26.2321891,50.5364263
food,26.23219,50.5364946
food,26.2873407,50.6639006
food,26.2321675,50.5361616
food,26.2320536,50.5361297
food,26.2320767,50.572279
supermarket,26.2322075,50.5724076
food,26.3103839,50.1688675
food,26.3101358,50.1691657
food,26.3103879,50.1687318
food,26.3103487,50.1691122
food,26.3103726,50.1689973
food,26.3102532,50.169174
food,26.3100243,50.1691529
food,26.3099036,50.1691405
food,26.1655982,50.5698195
supermarket,26.3985683,50.158995
food,26.2263876,50.595843
food,26.145464,50.4894928
food,26.2931275,50.1812142
food,26.2928998,50.1811157
food,26.2873033,50.2183244
food,26.2926369,50.2184908
food,26.2926216,50.2185955
healthcare,26.2933598,50.1813655
healthcare,26.3232875,50.1797574
food,26.3426301,50.1816895
food,26.342742,50.1819236
healthcare,26.3073028,50.1792571
food,26.3227139,50.1797233
food,26.307321,50.1791223
supermarket,26.3231844,50.1801598
supermarket,26.3336847,50.18034
food,26.3441598,50.1852583
school_all,26.3455799,50.1902437
food,26.3231848,50.1802515
food,26.3342837,50.1798047
healthcare,26.3451238,50.1866859
supermarket,26.3457451,50.1960761
food,26.3044715,50.1993031
food,26.3051831,50.1950192
healthcare,26.3052828,50.1944543
healthcare,26.3381623,50.1996981
food,26.3205926,50.2078502
food,26.3045248,50.1989568
supermarket,26.304762,50.198168
food,26.3044226,50.1973196
food,26.3050467,50.1963342
food,26.3050436,50.1964053
food,26.3050385,50.1964701
food,26.3049984,50.196682
food,26.3050742,50.1956942
food,26.3050864,50.1956326
food,26.3051364,50.1953035
supermarket,26.3051523,50.1952144
food,26.3051632,50.1951398
food,26.3055201,50.1942273
food,26.3055379,50.1941229
food,26.3204659,50.2079157
food,26.3043185,50.2003405
healthcare,26.3045601,50.1995144
food,26.3050647,50.1961751
food,26.305098,50.1955692
food,26.3055571,50.1940122
food,26.3043326,50.2002524
food,26.3043618,50.200078
food,26.3050312,50.1965387
food,26.2184374,50.4912302
supermarket,26.2298706,50.5382316
supermarket,26.2176642,50.6074776
food,26.2320089,50.5390586
supermarket,26.2515409,50.6074504
food,26.2122273,50.5940524
food,26.2193021,50.4945353
food,26.2198788,50.4936123
food,26.2193825,50.4941647
food,26.1310639,50.5583555
food,26.2325858,50.5397614
food,26.2327025,50.540068
food,26.2319447,50.5388729
food,26.2312739,50.5767215
food,26.215101,50.5917263
school_all,26.1614186,50.5435715
school_all,26.1549503,50.5264292
food,26.2272,50.5900219
food,26.2173741,50.5234862
food,26.2344299,50.5956881
food,26.2203442,50.5886327
food,26.1305125,50.5561555
food,26.2861732,50.6632759
food,26.230429,50.539201
food,26.2693631,50.6271342
food,26.2154872,50.5920573
food,26.2024712,50.5628043
supermarket,26.1634057,50.5231134
food,26.1458219,50.4904365
food,26.1454401,50.4903309
food,26.2325905,50.5733862
food,26.2836465,50.1972202
food,26.2836097,50.1973735
food,26.2839369,50.1961126
food,26.2838404,50.1964567
healthcare,26.2840857,50.1954793
food,26.1430913,50.5780843
food,26.2960807,50.1935204
food,26.2273727,50.5387875
food,26.2605152,50.5972303
food,26.2616963,50.5973161
food,26.1981327,50.4773329
food,26.2890331,50.6647337
food,26.2457122,50.6198082
food,26.2206355,50.5242003
food,26.220629,50.5242273
healthcare,26.2206272,50.5242161
food,26.2822924,50.2145387
food,26.198121,50.4770959
food,26.3008797,50.1787453
food,26.2641629,50.6020302
food,26.2144172,50.591695
food,26.2419321,50.5886641
supermarket,26.2412237,50.5900213
food,26.2436727,50.5900159
food,26.2433961,50.5905041
food,26.243858,50.5905202
supermarket,26.2426046,50.5891939
fitness,25.4182038,50.7830651
healthcare,25.4186323,50.7827308
food,25.4254506,50.7803846
food,25.4210834,50.7929975
fitness,25.4109296,50.7591296
food,25.4186233,50.7737909
fitness,25.4257246,50.7809839
fitness,25.4259308,50.7811737
food,25.4216875,50.7929969
supermarket,25.421613,50.7934435
healthcare,25.4216878,50.7930986
school_all,25.4200763,50.786304
food,25.4235694,50.7869103
food,26.1304247,50.57461
food,26.2676597,50.6150646
food,26.1416816,50.5789485
healthcare,26.2179821,50.6719187
healthcare,26.2090976,50.5758126
food,26.0500936,50.4988294
food,26.2801647,50.2149271
food,26.2802163,50.215042
food,26.2821354,50.2157456
food,26.2813497,50.212503
food,26.2825804,50.2163502
food,26.2329647,50.5769086
food,26.1375429,50.5670059
food,26.2146588,50.5873577
food,26.3794022,50.1820117
food,26.2490784,50.6167717
school_all,26.088989,50.5063947
supermarket,26.088487,50.5052827
school_all,26.0893042,50.5063916
food,26.249847,50.6162905
food,26.292186,50.1994377
food,26.1669343,50.4675772
food,26.2177745,50.4855021
supermarket,26.2092544,50.4571147
food,25.4212069,50.7929697
food,26.1630044,50.4731002
food,26.283426,50.2087783
food,26.2555525,50.6444626
food,26.2554988,50.6444594
food,26.257963,50.6389623
food,26.2033962,50.5687396
healthcare,26.2310093,50.5495542
food,26.2393595,50.6337801
supermarket,26.4155251,50.1599697
food,26.1481712,50.4868735
school_all,26.2683245,50.2138576
food,26.2204091,50.2128552
food,26.2852746,50.2223336
healthcare,26.1553023,50.5677716
healthcare,26.2260268,50.5535577
food,26.2941162,50.2072973
healthcare,26.2478566,50.5860558
food,26.2456645,50.5848618
supermarket,26.1453592,50.5853606
food,26.2646382,50.6542105
food,26.3052817,50.1959335
food,26.2029452,50.5639335
food,26.1352056,50.5784701
food,26.1298905,50.5742653
food,26.2124393,50.5871332
food,26.2401759,50.5847977
food,26.236962,50.5360775
food,26.1315506,50.5129444
healthcare,26.310671,50.2122458
food,26.2105968,50.5731226
food,26.2058119,50.5917232
food,26.2058149,50.5918631
school_all,26.1581902,50.5909142
food,26.2186638,50.5879017
food,26.2024648,50.1950847
food,26.2843408,50.1903686
healthcare,26.2163662,50.5770939
food,26.2159732,50.5770902
food,26.2174678,50.5767529
supermarket,26.2043721,50.5725312
food,26.2179605,50.586723
food,26.2177776,50.5870341
food,26.218384,50.587474
food,26.2157997,50.5770885
food,26.2150705,50.5773218
food,26.2201985,50.572223
food,26.2148124,50.5800996
supermarket,26.4107428,50.1801565
food,26.2326312,50.5851849
healthcare,26.2313424,50.5825579
school_all,26.2325134,50.5827811
healthcare,26.2338828,50.5830788
supermarket,26.2355732,50.5844564
food,26.1981956,50.5442373
food,26.1980501,50.5441934
food,26.1980015,50.5445009
school_all,26.159145,50.5471438
school_all,26.1599135,50.5497122
school_all,26.1613406,50.5488299
school_all,26.161125,50.5514551
fitness,26.2409006,50.5378756
food,26.1957817,50.4917296
food,26.13909,50.4903675
food,26.3342973,50.1889178
food,26.317841,50.223092
school_all,26.3739598,50.2167368
food,26.3078121,50.1701227
food,26.1978942,50.4771974
food,26.2993331,50.2244427
food,26.2887943,50.2148949
food,26.2887633,50.2151495
food,26.2900485,50.2197728
food,26.2859605,50.2189006
food,26.2856894,50.2188901
food,26.2830437,50.6020959
supermarket,26.2144748,50.181014
food,26.1005815,50.549231
food,26.131413,50.5447278
healthcare,26.2183121,50.5859059
food,26.0963926,50.490809
food,26.2501606,50.6532947
food,26.1655254,50.5418159
food,26.2126525,50.5858643
supermarket,26.1871099,50.5570972
food,26.1673562,50.5424631
food,26.216288,50.5991319
food,26.2396671,50.5816401
food,26.1377195,50.5884341
food,26.3028518,50.2219812
food,26.3037047,50.2224131
food,26.2992775,50.2248801
food,26.2993112,50.2246562
food,26.3030633,50.2223183
food,26.3049334,50.2225432
food,26.3045146,50.2254045
food,26.1927181,50.1894081
food,26.1927992,50.1894387
food,26.1925807,50.1892948
food,26.1925508,50.1892757
food,26.1925294,50.1892574
food,26.1926209,50.1893335
food,26.1925056,50.1892472
food,26.192477,50.1892342
food,26.2550652,50.2208723
food,26.1863076,50.1853028
food,26.1904387,50.1892576
food,26.208163,50.1963959
supermarket,26.2090161,50.1957794
supermarket,26.1903413,50.1893813
supermarket,26.2055963,50.1964582
food,26.2028758,50.1957409
fitness,26.2047666,50.1962814
food,26.2005314,50.1947874
food,26.2006888,50.1943447
food,26.1854955,50.1860418
food,26.1850744,50.1857277
food,26.1849528,50.1856197
food,26.1913467,50.1899607
food,26.2314534,50.5954608
food,26.2080488,50.1963739
food,26.3026304,50.2272834
food,26.2230914,50.2154031
healthcare,26.2667044,50.2066519
food,26.3428058,50.1822825
food,26.3004522,50.1833384
food,26.2836749,50.2201407
food,26.2834483,50.2197572
food,26.2829062,50.219956
food,26.3351453,50.2258945
food,26.3247054,50.2278259
food,26.3231635,50.2286537
food,26.28221,50.2218788
food,26.2089478,50.1877521
food,26.1994181,50.2120866
food,26.3036305,50.1694797
food,26.2816604,50.2224602
food,26.2197597,50.604009
food,26.2197273,50.6044467
healthcare,26.1543126,50.5686026
supermarket,26.1815771,50.5832108
supermarket,26.2203595,50.5413424
food,26.0501419,50.4986501
food,26.1650609,50.5417772
food,26.2196124,50.6043872
food,26.200712,50.4978653
food,26.1651761,50.5415693
food,26.0499488,50.4986369
food,26.3322661,50.1616558
food,26.3322492,50.161193
food,26.3304104,50.1618237
food,26.331001,50.1622598
food,26.3311142,50.1622554
food,26.3305005,50.162659
food,26.3305874,50.1625676
food,26.3306891,50.1624541
healthcare,26.3380016,50.1654751
supermarket,26.344002,50.1627917
food,26.2355215,50.5544721
food,26.2424933,50.5529233
food,26.2379874,50.535369
food,26.233502,50.5746554
food,26.2317506,50.5765432
food,26.2904621,50.1889746
food,26.3200245,50.2169472
fitness,26.2907629,50.2059959
food,26.2237194,50.6091061
food,26.1313086,50.5642545
food,26.1673655,50.5423808
food,26.2165676,50.19282
food,26.2357072,50.5545081
food,26.2679193,50.6021457
healthcare,26.2147643,50.5626468
food,26.1864673,50.3169099
food,26.1455826,50.5852632
food,26.3454894,50.1961035
food,26.2238335,50.6090738
food,26.319456,50.2218999
food,26.3121972,50.2224721
food,26.2684069,50.6283499
food,26.265531,50.6336093
fitness,26.2151214,50.4602337
food,26.2497247,50.6542268
food,26.2053418,50.5540235
food,26.2475332,50.6067452
food,26.2138286,50.5930463
food,26.24712,50.5792065
supermarket,26.2545774,50.6438345
healthcare,26.2551138,50.6444983
supermarket,26.2282684,50.5702836
food,26.299675,50.2236694
supermarket,26.2943131,50.1956015
food,26.2941091,50.1959945
food,26.2947257,50.1968108
healthcare,26.2946998,50.1967031
food,26.3391097,50.1528293
food,26.2460897,50.5773456
food,26.2339997,50.5543458
food,26.2379809,50.573399
food,26.2214489,50.502425
food,26.2108509,50.5719381
food,26.1032342,50.4968639
food,26.1632317,50.4728436
food,26.1600206,50.4697573
food,26.1623914,50.52311
food,26.2137737,50.4792896
food,26.2306645,50.5739883
food,26.2367926,50.5793539
food,26.2353175,50.5224093
food,26.2328797,50.5765632
food,26.2836958,50.1971011
food,26.2834741,50.1979131
food,26.2203762,50.5894302
supermarket,26.3603616,50.1906192
healthcare,26.2822136,50.1969102
food,26.2983672,50.210108
food,26.2987682,50.2101512
food,26.297934,50.2100262
food,26.292037,50.2200647
food,26.288334,50.2161377
supermarket,26.2823139,50.213724
supermarket,26.2821733,50.2130512
food,26.2819376,50.2157689
supermarket,26.2901132,50.2148176
food,26.2898679,50.1933011
food,26.2897449,50.1937753
food,26.2899704,50.1935513
food,26.2720456,50.2205957
food,26.2903869,50.1944949
food,26.2331992,50.575949
food,26.2288343,50.5726366
food,26.2911852,50.2023319
food,26.2291346,50.5754866
food,26.2499121,50.5782111
food,26.296971,50.215986
food,26.2964948,50.1918741
school_all,26.2990579,50.1522906
school_all,26.2990853,50.1531811
school_all,26.2997508,50.1520044
school_all,26.3000032,50.1525587
school_all,26.3003779,50.1536644
food,26.3287063,50.1819723
food,26.3173424,50.2035622
food,26.2898295,50.1811507
food,26.2090804,50.1959002
food,26.2144297,50.5932297
food,26.2142776,50.5929226
food,26.2139333,50.5933538
supermarket,26.241467,50.5792153
food,26.2474336,50.5860469
supermarket,26.2109271,50.6101326
food,26.3285375,50.1819822
food,26.3173105,50.2039522
healthcare,26.3257627,50.1525865
supermarket,26.328043,50.2120075
food,26.3640148,50.2014617
food,26.2677607,50.2129101
food,26.2143832,50.5399738
food,26.2272896,50.593782
food,26.286492,50.2116773
food,26.2960073,50.2181768
supermarket,26.3124619,50.150735
supermarket,26.2671635,50.2138696
healthcare,26.2890179,50.2150476
food,26.2887121,50.2148833
food,26.2671268,50.6307654
food,26.2673998,50.6303591
supermarket,26.2679507,50.6294438
food,26.2685432,50.6284514
supermarket,26.2684545,50.6285557
food,26.2669754,50.6312569
food,26.2665013,50.6316353
food,26.2665079,50.6317041
food,26.266548,50.6317922
food,26.2665712,50.6318317
food,26.2665197,50.6320466
food,26.2664647,50.6321056
food,26.2661871,50.6317805
supermarket,26.266352,50.6322129
food,26.2656778,50.6334899
food,26.0492835,50.4981685
food,26.049232,50.4981683
food,26.2685887,50.2160958
food,26.2686028,50.2164025
food,26.2688689,50.2163896
food,26.2687968,50.2164366
food,26.2696649,50.2165642
food,26.2698546,50.2163424
food,26.2695033,50.2165087
food,26.2693701,50.2164792
food,26.1271883,50.5449375
food,26.0511293,50.4875614
food,26.0710865,50.5041765
healthcare,26.0629731,50.5071569
food,26.0526108,50.4889422
food,26.0526521,50.4888584
food,26.0526266,50.4889031
food,26.0484567,50.4980042
healthcare,26.2800143,50.6446812
food,26.2893339,50.2131303
food,26.3046367,50.2232978
food,26.170327,50.5403878
supermarket,26.2707058,50.6044878
food,26.2704716,50.604241
food,26.2714373,50.6044422
healthcare,26.1888123,50.5054358
food,26.1150272,50.5750149
healthcare,26.0053697,50.6228342
healthcare,26.2113969,50.6090562
supermarket,26.1654793,50.6146787
food,26.1426611,50.4946726
food,26.1413161,50.4982629
food,26.1395462,50.4921837
food,26.0976193,50.5483056
food,26.1518225,50.6127423
supermarket,26.1527506,50.6131192
healthcare,26.1526712,50.6130722
food,26.1358336,50.5280024
food,26.1357332,50.5282867
healthcare,26.2770882,50.6363907
healthcare,26.270937,50.6555138
healthcare,26.2841873,50.6402016
food,26.1483754,50.4875423
supermarket,26.0977979,50.5482053
supermarket,26.1830766,50.4814375
food,26.1312663,50.5580587
food,26.22614,50.6482921
school_all,26.2657592,50.601405
food,26.2338658,50.5376097
food,26.2321172,50.5396774
school_all,26.2252038,50.564329
school_all,26.2300259,50.5126152
school_all,26.2262776,50.5352209
school_all,26.2135879,50.5909736
school_all,26.2169322,50.5876566
healthcare,26.228,50.5650482
school_all,26.2329863,50.5900917
supermarket,26.2345691,50.5948219
school_all,26.2243469,50.5677864
school_all,26.2297278,50.5676286
supermarket,26.2286965,50.5622929
beach,25.8270978,50.6188555
beach,25.8384835,50.6103044
beach,25.8350637,50.6228701
beach,25.8353938,50.6096065
beach,25.8512774,50.6163953
beach,25.8441872,50.6216898
beach,25.8413496,50.6091877
beach,26.2455814,50.5397948
beach,26.2474577,50.5361314
beach,26.2468083,50.5356082
beach,26.2458787,50.5408303
beach,26.2468915,50.5378572
beach,26.2459063,50.5415145
beach,26.2479085,50.5350769
healthcare,26.2620789,50.6006538
beach,26.2442973,50.6021461
school_all,26.1650677,50.5474399
supermarket,26.2776249,50.6620182
school_all,26.2691805,50.6554376
school_all,26.2261313,50.5778625
supermarket,26.2298882,50.5813208
school_all,26.2500877,50.6170781
healthcare,26.2492271,50.6181334
school_all,26.2543218,50.6192091
school_all,26.2256928,50.5443337
school_all,26.2158307,50.575345
school_all,26.1384978,50.6015097
school_all,26.1649984,50.5633804
school_all,26.1664623,50.5643251
healthcare,26.1670811,50.5630351
school_all,26.1673886,50.6023745
school_all,26.1360075,50.6005667
school_all,26.1556594,50.6202649
school_all,26.1559016,50.6217529
school_all,26.1615949,50.6171226
school_all,26.1647773,50.612386
school_all,26.1598143,50.6122612
school_all,26.1694848,50.6073031
school_all,26.163975,50.6287997
school_all,26.155091,50.6188913
school_all,26.1278956,50.574702
healthcare,26.1395561,50.5996473
school_all,26.1585965,50.5425616
school_all,26.1622221,50.4715345
food,26.1579258,50.5426288
supermarket,26.1697664,50.5556335
supermarket,26.1712365,50.5534232
healthcare,26.1718819,50.5500537
school_all,26.1688147,50.5471135
school_all,26.1765462,50.547928
school_all,26.1816507,50.53982
healthcare,26.2194553,50.5261646
school_all,26.1627149,50.5687153
school_all,26.1620107,50.5696165
school_all,26.1803928,50.5511945
school_all,26.1823317,50.5477964
school_all,26.2101165,50.5920899
food,26.2950643,50.2232976
food,26.1476258,50.5253373
school_all,26.1513641,50.532076
food,26.1589938,50.5208741
food,26.1584592,50.5206441
food,26.1594601,50.5206874
food,26.158683,50.5206531
food,26.1593653,50.5207051
food,26.1594688,50.5204403
food,26.1581778,50.5205706
food,26.1588139,50.5208126
beach,26.205198,50.4483512
beach,26.2050452,50.4483518
beach,26.2045074,50.4478531
food,26.2355662,50.5716932
school_all,26.2255162,50.5196189
food,26.1136742,50.5768324
food,26.2345132,50.5952178
healthcare,26.2351916,50.5945351
healthcare,26.2342211,50.5960848
food,26.2404241,50.5425257
food,26.1177015,50.5696848
food,26.2128221,50.5878563
food,26.2393539,50.5388184
supermarket,26.1168995,50.571365
food,26.210249,50.5898852
food,26.2100025,50.5900684
food,26.2098626,50.5901738
food,26.2098046,50.5900763
food,26.2098991,50.5900059
school_all,26.2082282,50.6035291
food,26.2272419,50.5882687
food,26.2205596,50.5842853
supermarket,26.230605,50.507871
food,26.2305084,50.5080054
food,26.1209309,50.5698469
food,26.225643,50.58752
fitness,26.2334515,50.5915208
food,26.2327097,50.5920511
food,26.232532,50.5920437
food,26.2327638,50.5947391
school_all,26.2610926,50.6079791
school_all,26.2216747,50.4976406
supermarket,26.211305,50.6039197
supermarket,26.1870997,50.5378022
food,26.2320298,50.5723242
food,26.2151585,50.6000731
food,26.2209589,50.5029315
supermarket,26.2209695,50.5012519
food,26.2305321,50.5902664
supermarket,26.2294253,50.4804611
food,26.1209937,50.5690842
supermarket,26.2112148,50.605753
food,26.1265084,50.5900679
food,26.2114951,50.6059307
food,26.2114947,50.6058688
food,26.2114936,50.6058044
food,26.1272958,50.5895696
food,26.1271767,50.5899411
supermarket,26.1229585,50.5887439
food,26.2241312,50.5649282
food,26.2206239,50.5654205
food,26.2190852,50.566715
school_all,26.2178578,50.5279489
food,26.2058063,50.5501586
school_all,26.2296105,50.4777084
school_all,26.1013296,50.5623297
food,26.2291968,50.4801725
school_all,26.2184525,50.4842919
school_all,26.2309929,50.589444
healthcare,26.202446,50.5604066
food,26.2036442,50.5680491
healthcare,26.2089165,50.5671466
healthcare,26.2104695,50.5657622
school_all,26.2139101,50.4468012
food,26.2079207,50.5457909
supermarket,26.206856,50.5421952
food,26.2212001,50.5360978
supermarket,26.2226387,50.535668
food,26.204677,50.5413511
school_all,26.1925656,50.4866076
healthcare,26.2236899,50.5911449
food,26.221339,50.5894701
school_all,26.221221,50.5924062
school_all,26.2212307,50.594007
supermarket,26.2616356,50.6116459
food,26.1858387,50.5285471
supermarket,26.1796309,50.5288189
food,26.1795294,50.5325889
food,26.1759293,50.5228265
supermarket,26.2557729,50.613489
school_all,26.2525122,50.6136259
supermarket,26.2280739,50.595264
fitness,26.1897979,50.4861105
healthcare,26.2171145,50.6089975
food,26.2268137,50.5914022
food,26.2266845,50.5896215
healthcare,26.2138419,50.6115446
school_all,26.2220286,50.5428236
supermarket,26.2226162,50.5429467
food,26.2110912,50.4810643
food,26.1669166,50.5422435
food,26.167038,50.542269
food,26.1682379,50.5425607
supermarket,26.0983816,50.5438204
school_all,26.2406259,50.6563894
school_all,26.2156674,50.4973612
school_all,26.2342803,50.6547523
school_all,26.2343781,50.6529436
healthcare,26.2361218,50.6528807
healthcare,26.2450092,50.6523442
school_all,26.2059303,50.4589166
healthcare,26.2240703,50.5897121
school_all,26.2052057,50.5941214
supermarket,26.2058497,50.5953827
food,26.2052607,50.5962181
healthcare,26.2049099,50.5769616
supermarket,26.2170332,50.5176235
food,26.2051863,50.5962509
food,26.2051341,50.5962708
food,26.2049419,50.5963706
food,26.2050762,50.5962961
food,26.2049553,50.5959201
supermarket,26.2354097,50.5901634
food,26.2057982,50.5977256
food,26.2610166,50.612207
supermarket,26.2487093,50.6089317
supermarket,26.2458427,50.6120578
supermarket,26.2128436,50.5781201
healthcare,26.2113022,50.5759384
food,26.2101441,50.5752552
healthcare,26.2060956,50.5783462
food,26.2105107,50.5761303
healthcare,26.205234,50.5788991
supermarket,26.2073724,50.5759819
healthcare,26.2130866,50.5731878
healthcare,26.212969,50.5716303
healthcare,26.2129852,50.5709054
school_all,26.2461838,50.6097639
school_all,26.2542941,50.6126023
healthcare,26.2145929,50.5738118
healthcare,26.2160222,50.5683298
school_all,26.2594116,50.6188293
school_all,26.2616182,50.6163281
healthcare,26.252688,50.6089049
food,26.0525024,50.4879606
supermarket,26.0528103,50.4878727
supermarket,26.1867025,50.4655708
food,26.2175814,50.5878945
food,26.2186071,50.5103972
school_all,26.1854955,50.5824518
food,26.1824919,50.5831692
food,26.2259644,50.5540551
food,26.1244208,50.5794738
food,26.1271921,50.5789836
food,26.0504453,50.4987247
food,26.2668571,50.6159383
food,26.2673007,50.6159215
school_all,26.2696173,50.6158704
healthcare,26.1569733,50.6193631
healthcare,26.1582211,50.619201
supermarket,26.3061967,50.6251075
food,26.0946357,50.486834
food,26.0983509,50.4856617
food,26.1758806,50.6056121
food,26.1333669,50.557805
healthcare,26.1086197,50.4821869
food,26.2394599,50.6523383
food,26.1661208,50.6142044
food,26.1156048,50.481221
food,26.1154319,50.4812702
food,26.1333273,50.5999225
healthcare,26.2292199,50.5695664
food,26.2175962,50.5744122
school_all,26.225209,50.5836695
food,26.1158576,50.4814741
food,26.1242173,50.4774203
food,26.1258762,50.4772842
school_all,26.2620166,50.6091556
supermarket,26.1275617,50.5419578
healthcare,26.223293,50.5851912
school_all,26.2673967,50.6025846
healthcare,26.2722143,50.6052885
food,26.146884,50.4891133
food,26.1475683,50.4885024
food,26.1476254,50.4882935
food,26.2483142,50.6113453
food,26.1567279,50.5201141
food,26.2641072,50.6240686
food,26.258949,50.6279476
food,26.0581078,50.6172108
food,26.2704697,50.6523597
school_all,26.0991503,50.5042557
healthcare,26.1320985,50.4973688
school_all,26.2372127,50.6545687
food,26.2684594,50.6532021
school_all,26.2466844,50.6312265
food,26.1355248,50.5285839
food,26.1364157,50.55917
school_all,26.1304803,50.5672335
school_all,26.1344356,50.5598553
school_all,26.1351752,50.5593503
food,26.1371484,50.5590491
food,26.134519,50.5495522
food,26.2294537,50.5814986
fitness,26.2287993,50.5821473
healthcare,26.231139,50.5823785
food,26.1247229,50.5689812
food,26.2012283,50.561109
food,26.1654188,50.5461686
food,26.2929455,50.2228558
food,26.2840715,50.2203138
fitness,26.2436974,50.5915303
food,26.3319449,50.1511544
school_all,26.3335178,50.1506439
food,26.2860264,50.2203053
school_all,26.3315794,50.1527749
school_all,26.3318729,50.1539198
food,26.2952721,50.214831
school_all,26.3288566,50.151331
healthcare,26.2942786,50.2177825
food,26.2837429,50.2184537
food,26.293164,50.214953
school_all,26.3288131,50.1641439
food,26.3306167,50.1632137
beach,26.2830059,50.6665347
beach,26.2790642,50.6668105
healthcare,26.3758946,50.1928949
food,26.3729235,50.20098
school_all,26.1181903,50.5752636
school_all,26.1200896,50.5747232
healthcare,26.2787683,50.6649377
food,26.2774894,50.6651024
school_all,26.2768016,50.6662549
food,26.2788678,50.6697495
supermarket,26.3581762,50.1961161
food,26.307597,50.625913
food,26.3975419,50.1903937
beach,25.8320529,50.6043054
beach,25.8330079,50.6073591
beach,25.8276822,50.5906429
healthcare,26.4009911,50.2046651
supermarket,26.1509651,50.1605732
healthcare,26.2164267,50.5771966
school_all,26.2079698,50.5734533
food,26.1867709,50.3192633
food,26.1861493,50.3189459
school_all,26.1586102,50.5440974
school_all,26.3399895,50.1648182
food,26.3026449,50.2219391
food,26.1360316,50.5633636
beach,26.2977297,50.6641511
beach,26.2972356,50.6622079
healthcare,26.1363485,50.5673035
food,26.141015,50.5550822
food,26.1345376,50.5683673
fitness,26.20945,50.1946925
fitness,26.2094079,50.1950979
food,26.2182228,50.2081594
supermarket,26.2674595,50.2144268
healthcare,26.1348044,50.5579078
food,26.2746187,50.1900233
beach,25.978826,50.616574
beach,25.9762583,50.615301
beach,25.9756065,50.6149719
beach,25.9731305,50.6138914
food,26.3033288,50.2237964
healthcare,26.2085463,50.6007099
food,26.3056549,50.227335
healthcare,26.2999527,50.1902446
supermarket,26.0365808,50.5353196
food,26.1822828,50.3302166
school_all,26.2050005,50.5909661
fitness,26.2046955,50.5919337
healthcare,26.0940069,50.5484052
healthcare,26.2195419,50.6146735
healthcare,26.1362759,50.5248678
food,26.3005665,50.1832069
food,26.2834457,50.2196738
food,26.2829127,50.2197118
food,26.2837697,50.2198653
food,26.3347731,50.2259481
food,26.3247227,50.2277905
food,26.3231624,50.2286634
food,26.2980379,50.224195
school_all,26.1219298,50.563075
school_all,26.117893,50.5638217
school_all,26.1186399,50.5638024
food,26.3374376,50.2017572
food,26.2870475,50.197975
healthcare,25.4385309,50.8583863
healthcare,26.3298404,50.1621838
food,26.1631085,50.5536475
school_all,26.1587757,50.5389447
school_all,26.1586425,50.5409636
food,26.0492896,50.4984442
food,26.0495773,50.4984443
food,26.0491942,50.4988002
beach,26.1065068,50.4697173
fitness,26.2543886,50.2092634
school_all,26.2583454,50.2125595
school_all,26.2610664,50.2130694
school_all,26.2560866,50.2099909
school_all,26.2605325,50.2086084
school_all,26.2573103,50.2043752
food,26.2374877,50.5737854
school_all,26.2077454,50.5581118
school_all,26.2086298,50.559133
healthcare,26.2131544,50.5747233
school_all,26.2152209,50.5793756
food,26.2146512,50.586392
beach,26.2580024,50.5785891
school_all,26.2587609,50.608249
school_all,26.2455876,50.6176514
food,26.2949034,50.2109253
food,26.2955948,50.2098991
food,26.2915176,50.2191864
food,26.2951916,50.2120038
food,26.2982946,50.2098852
supermarket,26.2980049,50.2109406
supermarket,26.2821637,50.2147353
food,26.2832324,50.1978784
healthcare,26.2844301,50.1979598
food,26.3228272,50.2183851
food,26.2834452,50.1971652
food,26.3008027,50.2007749
school_all,26.2580236,50.6312314
school_all,26.2737458,50.6538394
healthcare,26.2799699,50.6300268
school_all,26.2764774,50.6387249
food,26.2694672,50.1894396
food,26.2918207,50.2069564
healthcare,26.3353918,50.1914997
healthcare,26.3601455,50.229998
healthcare,26.2684623,50.601801
school_all,26.2683994,50.6025608
food,26.2200887,50.6043754
beach,26.0527028,50.4830037
supermarket,26.2278301,50.5954697
beach,26.2290416,50.6003597
food,26.232854,50.5991022
beach,26.0921175,50.4789305
beach,26.0953527,50.4785258
fitness,26.293721,50.6586123
food,26.2934045,50.659003
food,26.2936243,50.6587619
beach,26.1288291,50.6571427
beach,26.1287331,50.6577292
beach,26.1289357,50.6579993
beach,26.1301565,50.6575733
beach,26.130752,50.6575874
beach,26.131685,50.6571675
beach,26.1311226,50.6566947
beach,26.130561,50.6560727
beach,26.130211,50.6568702
beach,26.129345,50.6571321
healthcare,26.3029618,50.1997375
food,26.1202116,50.5677886
food,26.3187637,50.2233131
supermarket,26.062517,50.506027
school_all,26.1935164,50.53815
food,26.2132467,50.5920264
food,26.2136613,50.5919365
food,26.21372,50.5922515
food,26.2141422,50.5915113
food,26.2130915,50.5916761
food,26.0508227,50.4987726
food,26.0506344,50.4987754
food,26.0499962,50.4991858
food,26.0508248,50.4989404
food,26.0531458,50.4875726
healthcare,26.0627403,50.5059964
food,25.4235177,50.7868714
healthcare,26.0491235,50.49217
school_all,26.1553983,50.5214046
school_all,26.1528791,50.5239475
school_all,26.1519993,50.5758892
school_all,26.132927,50.6126553
school_all,26.0708237,50.5194041
school_all,26.2262137,50.5341687
